quality_id,month_start,branch_id,customer_satisfaction,complaints_count,sla_breach_count,audit_score
1,2023-01-01,1,85.76,25,11,70.24
2,2023-02-01,1,89.86,54,16,84.47
3,2023-03-01,1,82.32,24,18,91.89
4,2023-04-01,1,79.43,36,14,74.55
5,2023-05-01,1,82.09,10,13,98.42
6,2023-06-01,1,72.05,33,1,72.27
7,2023-07-01,1,82.51,26,17,89.64
8,2023-08-01,1,95.75,24,12,71.96
9,2023-09-01,1,96.24,20,18,78.61
10,2023-10-01,1,85.82,35,23,90.28
11,2023-11-01,1,77.09,16,7,93.02
12,2023-12-01,1,78.01,12,8,80.25
13,2024-01-01,1,81.38,42,11,68.24
14,2024-02-01,1,88.59,46,22,69.0
15,2024-03-01,1,93.71,5,21,81.42
16,2024-04-01,1,75.62,25,19,74.35
17,2024-05-01,1,94.45,56,19,69.39
18,2024-06-01,1,78.13,56,7,89.51
19,2024-07-01,1,91.7,17,8,78.31
20,2024-08-01,1,72.67,21,13,93.95
21,2024-09-01,1,93.64,25,22,71.6
22,2024-10-01,1,83.16,47,17,79.4
23,2024-11-01,1,95.12,17,17,82.37
24,2024-12-01,1,84.26,7,14,88.06
25,2025-01-01,1,90.55,16,7,68.72
26,2025-02-01,1,88.09,27,6,98.07
27,2025-03-01,1,76.97,33,7,95.64
28,2025-04-01,1,93.95,8,8,69.77
29,2025-05-01,1,77.77,56,16,81.39
30,2025-06-01,1,87.36,30,4,94.18
31,2025-07-01,1,96.28,16,5,74.87
32,2025-08-01,1,80.85,44,16,76.2
33,2025-09-01,1,76.17,13,18,74.3
34,2025-10-01,1,78.79,46,4,86.05
35,2025-11-01,1,81.73,16,5,68.28
36,2025-12-01,1,79.83,53,8,91.47
37,2023-01-01,2,74.52,38,18,85.89
38,2023-02-01,2,83.14,30,17,88.16
39,2023-03-01,2,81.73,39,9,75.22
40,2023-04-01,2,92.07,36,1,96.99
41,2023-05-01,2,89.03,33,4,91.42
42,2023-06-01,2,73.83,37,18,68.19
43,2023-07-01,2,72.73,44,19,90.4
44,2023-08-01,2,72.73,40,6,96.46
45,2023-09-01,2,81.85,45,14,80.02
46,2023-10-01,2,76.49,23,9,97.16
47,2023-11-01,2,79.71,25,8,76.69
48,2023-12-01,2,75.95,24,9,74.6
49,2024-01-01,2,94.65,7,3,93.01
50,2024-02-01,2,85.08,38,3,94.54
51,2024-03-01,2,83.7,41,3,95.23
52,2024-04-01,2,89.71,22,8,82.08
53,2024-05-01,2,73.85,8,3,73.12
54,2024-06-01,2,77.35,26,3,77.48
55,2024-07-01,2,73.21,46,11,86.55
56,2024-08-01,2,83.44,43,14,80.26
57,2024-09-01,2,89.1,19,13,91.14
58,2024-10-01,2,78.24,12,4,82.06
59,2024-11-01,2,74.31,16,16,68.44
60,2024-12-01,2,78.95,43,10,68.25
61,2025-01-01,2,81.52,41,8,92.24
62,2025-02-01,2,79.08,21,10,73.21
63,2025-03-01,2,88.18,32,2,96.78
64,2025-04-01,2,83.07,46,9,89.93
65,2025-05-01,2,86.63,41,19,92.57
66,2025-06-01,2,84.21,40,7,87.62
67,2025-07-01,2,95.2,21,18,70.38
68,2025-08-01,2,96.02,9,10,79.4
69,2025-09-01,2,92.47,27,7,83.41
70,2025-10-01,2,77.08,5,15,71.97
71,2025-11-01,2,87.7,38,12,96.96
72,2025-12-01,2,93.23,32,15,94.82
73,2023-01-01,3,90.84,10,12,73.54
74,2023-02-01,3,77.36,22,8,73.48
75,2023-03-01,3,90.51,29,6,97.78
76,2023-04-01,3,88.1,6,8,89.53
77,2023-05-01,3,76.54,20,7,86.51
78,2023-06-01,3,91.19,10,9,89.48
79,2023-07-01,3,94.46,44,17,95.58
80,2023-08-01,3,84.3,35,6,82.01
81,2023-09-01,3,77.27,40,8,91.14
82,2023-10-01,3,76.33,46,17,76.22
83,2023-11-01,3,95.22,20,10,69.38
84,2023-12-01,3,96.43,8,4,87.85
85,2024-01-01,3,89.76,28,4,95.64
86,2024-02-01,3,84.8,30,10,74.29
87,2024-03-01,3,76.15,40,7,68.29
88,2024-04-01,3,90.24,44,15,96.56
89,2024-05-01,3,74.68,27,3,73.07
90,2024-06-01,3,92.85,13,9,92.36
91,2024-07-01,3,89.68,42,8,97.73
92,2024-08-01,3,93.76,36,7,95.18
93,2024-09-01,3,87.62,45,14,94.88
94,2024-10-01,3,76.47,30,15,79.65
95,2024-11-01,3,72.87,12,4,72.01
96,2024-12-01,3,77.48,26,13,76.17
97,2025-01-01,3,76.83,17,7,76.4
98,2025-02-01,3,95.0,20,18,85.81
99,2025-03-01,3,93.53,37,12,86.92
100,2025-04-01,3,84.85,41,8,85.76
101,2025-05-01,3,88.77,34,19,73.82
102,2025-06-01,3,86.95,37,10,81.32
103,2025-07-01,3,89.51,45,2,78.9
104,2025-08-01,3,82.94,6,1,92.81
105,2025-09-01,3,74.51,12,8,86.89
106,2025-10-01,3,94.27,19,2,80.77
107,2025-11-01,3,91.47,42,14,84.38
108,2025-12-01,3,76.24,44,1,83.06
109,2023-01-01,4,89.22,49,5,78.99
110,2023-02-01,4,93.14,22,9,81.94
111,2023-03-01,4,84.33,43,9,72.14
112,2023-04-01,4,92.48,16,1,74.11
113,2023-05-01,4,78.74,20,1,95.17
114,2023-06-01,4,93.36,17,8,92.47
115,2023-07-01,4,85.88,25,20,97.63
116,2023-08-01,4,88.97,43,21,73.45
117,2023-09-01,4,84.75,36,15,71.11
118,2023-10-01,4,86.33,17,7,97.78
119,2023-11-01,4,79.76,46,8,90.5
120,2023-12-01,4,90.4,38,14,90.31
121,2024-01-01,4,73.31,24,12,74.85
122,2024-02-01,4,85.79,19,9,84.75
123,2024-03-01,4,88.25,10,18,70.13
124,2024-04-01,4,85.16,29,7,76.77
125,2024-05-01,4,93.06,10,14,94.86
126,2024-06-01,4,90.15,12,4,70.92
127,2024-07-01,4,84.21,6,16,92.22
128,2024-08-01,4,74.2,32,3,93.45
129,2024-09-01,4,82.1,30,6,70.89
130,2024-10-01,4,93.95,18,17,75.75
131,2024-11-01,4,76.13,12,17,87.73
132,2024-12-01,4,72.75,29,12,81.87
133,2025-01-01,4,85.37,13,10,97.49
134,2025-02-01,4,87.29,8,6,70.16
135,2025-03-01,4,96.94,30,19,82.76
136,2025-04-01,4,84.38,35,3,87.07
137,2025-05-01,4,86.08,23,12,76.44
138,2025-06-01,4,76.76,39,18,71.78
139,2025-07-01,4,76.57,35,1,96.87
140,2025-08-01,4,76.02,22,16,73.23
141,2025-09-01,4,92.79,24,15,87.14
142,2025-10-01,4,82.2,50,11,91.72
143,2025-11-01,4,81.19,16,14,84.86
144,2025-12-01,4,88.21,23,20,83.01
145,2023-01-01,5,76.27,19,13,86.05
146,2023-02-01,5,80.01,22,8,89.95
147,2023-03-01,5,81.3,39,18,90.87
148,2023-04-01,5,95.07,32,1,74.3
149,2023-05-01,5,91.64,10,12,68.4
150,2023-06-01,5,93.94,20,7,80.91
151,2023-07-01,5,72.29,45,11,94.18
152,2023-08-01,5,85.53,13,17,90.52
153,2023-09-01,5,81.45,22,15,98.74
154,2023-10-01,5,87.12,41,4,86.35
155,2023-11-01,5,93.65,45,2,71.3
156,2023-12-01,5,94.75,20,10,84.94
157,2024-01-01,5,72.87,40,3,81.86
158,2024-02-01,5,85.07,29,9,78.35
159,2024-03-01,5,77.77,7,2,96.4
160,2024-04-01,5,72.78,10,13,96.54
161,2024-05-01,5,77.46,19,13,71.41
162,2024-06-01,5,76.07,31,12,73.41
163,2024-07-01,5,73.64,20,3,80.74
164,2024-08-01,5,82.19,26,11,95.26
165,2024-09-01,5,84.91,10,14,68.86
166,2024-10-01,5,93.54,16,20,93.6
167,2024-11-01,5,81.82,14,16,80.99
168,2024-12-01,5,79.86,39,13,68.92
169,2025-01-01,5,76.95,27,6,77.47
170,2025-02-01,5,76.74,12,17,94.63
171,2025-03-01,5,88.89,20,19,96.9
172,2025-04-01,5,86.65,14,7,81.09
173,2025-05-01,5,91.8,21,16,87.69
174,2025-06-01,5,74.05,5,14,88.93
175,2025-07-01,5,89.29,44,18,76.37
176,2025-08-01,5,85.01,4,2,86.42
177,2025-09-01,5,72.93,49,1,95.65
178,2025-10-01,5,96.48,35,11,77.86
179,2025-11-01,5,82.13,38,8,94.4
180,2025-12-01,5,91.95,23,2,75.33
181,2023-01-01,6,95.15,14,17,91.87
182,2023-02-01,6,79.87,23,18,85.68
183,2023-03-01,6,80.87,42,18,75.04
184,2023-04-01,6,73.42,47,8,94.64
185,2023-05-01,6,96.28,44,17,77.25
186,2023-06-01,6,74.64,23,4,75.84
187,2023-07-01,6,96.03,25,4,96.37
188,2023-08-01,6,73.19,29,3,94.52
189,2023-09-01,6,78.36,49,16,73.02
190,2023-10-01,6,81.12,17,17,84.43
191,2023-11-01,6,86.28,48,7,87.85
192,2023-12-01,6,78.53,18,13,69.39
193,2024-01-01,6,74.96,39,9,97.93
194,2024-02-01,6,76.82,13,18,70.86
195,2024-03-01,6,86.08,9,13,90.36
196,2024-04-01,6,93.34,46,16,82.88
197,2024-05-01,6,93.48,9,14,95.64
198,2024-06-01,6,80.37,22,15,84.55
199,2024-07-01,6,82.34,33,9,74.47
200,2024-08-01,6,95.95,32,15,93.07
201,2024-09-01,6,74.01,39,8,69.35
202,2024-10-01,6,77.86,8,1,88.18
203,2024-11-01,6,83.07,27,5,87.24
204,2024-12-01,6,86.9,42,8,84.01
205,2025-01-01,6,90.87,37,9,86.13
206,2025-02-01,6,96.54,24,9,75.32
207,2025-03-01,6,73.13,12,16,82.76
208,2025-04-01,6,86.75,46,10,93.0
209,2025-05-01,6,93.35,34,2,95.68
210,2025-06-01,6,73.84,34,10,90.05
211,2025-07-01,6,84.68,49,2,73.34
212,2025-08-01,6,83.42,23,13,76.71
213,2025-09-01,6,91.11,39,7,91.5
214,2025-10-01,6,76.56,20,10,91.6
215,2025-11-01,6,72.17,40,11,87.25
216,2025-12-01,6,79.71,25,20,71.25
217,2023-01-01,7,78.37,23,11,83.5
218,2023-02-01,7,95.71,9,16,76.02
219,2023-03-01,7,95.43,9,10,93.36
220,2023-04-01,7,76.07,32,18,97.64
221,2023-05-01,7,93.18,42,15,92.97
222,2023-06-01,7,88.55,13,18,86.12
223,2023-07-01,7,88.42,11,14,98.3
224,2023-08-01,7,96.3,8,3,98.31
225,2023-09-01,7,90.37,25,11,98.02
226,2023-10-01,7,75.57,32,15,81.95
227,2023-11-01,7,74.49,27,10,73.34
228,2023-12-01,7,75.32,19,6,96.25
229,2024-01-01,7,90.25,11,7,70.05
230,2024-02-01,7,73.15,26,4,73.38
231,2024-03-01,7,76.79,7,4,93.61
232,2024-04-01,7,73.05,12,2,89.55
233,2024-05-01,7,81.25,40,16,75.0
234,2024-06-01,7,89.44,18,9,73.04
235,2024-07-01,7,76.51,16,13,90.38
236,2024-08-01,7,74.57,9,10,84.17
237,2024-09-01,7,79.81,35,1,68.87
238,2024-10-01,7,91.19,47,17,79.64
239,2024-11-01,7,91.24,36,15,87.33
240,2024-12-01,7,85.58,44,9,93.27
241,2025-01-01,7,72.2,41,16,89.19
242,2025-02-01,7,91.16,43,10,82.76
243,2025-03-01,7,78.4,9,3,98.49
244,2025-04-01,7,94.1,11,11,79.94
245,2025-05-01,7,79.35,19,12,71.44
246,2025-06-01,7,79.21,22,18,75.38
247,2025-07-01,7,80.55,36,11,70.58
248,2025-08-01,7,94.68,38,15,71.54
249,2025-09-01,7,89.31,28,15,76.81
250,2025-10-01,7,89.61,8,7,68.54
251,2025-11-01,7,86.08,40,13,85.73
252,2025-12-01,7,78.19,33,6,68.87
253,2023-01-01,8,92.37,34,4,89.19
254,2023-02-01,8,83.79,30,8,98.59
255,2023-03-01,8,93.06,6,3,85.61
256,2023-04-01,8,79.35,35,5,88.14
257,2023-05-01,8,91.01,31,16,72.14
258,2023-06-01,8,95.78,22,11,70.33
259,2023-07-01,8,92.09,9,15,84.11
260,2023-08-01,8,83.06,9,4,78.5
261,2023-09-01,8,78.32,5,10,91.06
262,2023-10-01,8,79.71,8,17,80.92
263,2023-11-01,8,93.04,43,5,91.88
264,2023-12-01,8,77.17,30,2,77.57
265,2024-01-01,8,92.19,31,13,73.76
266,2024-02-01,8,72.86,37,12,70.29
267,2024-03-01,8,76.84,7,6,80.07
268,2024-04-01,8,95.29,39,14,95.24
269,2024-05-01,8,93.5,15,3,79.81
270,2024-06-01,8,91.75,34,1,78.65
271,2024-07-01,8,81.44,12,9,95.1
272,2024-08-01,8,78.17,22,10,69.3
273,2024-09-01,8,86.88,39,11,75.0
274,2024-10-01,8,74.87,17,5,91.17
275,2024-11-01,8,80.07,34,6,92.24
276,2024-12-01,8,83.03,22,16,98.13
277,2025-01-01,8,91.09,12,17,68.61
278,2025-02-01,8,91.41,41,14,97.45
279,2025-03-01,8,88.09,42,17,82.92
280,2025-04-01,8,75.7,29,3,69.46
281,2025-05-01,8,75.17,40,16,76.64
282,2025-06-01,8,94.44,13,8,86.16
283,2025-07-01,8,88.07,42,12,80.92
284,2025-08-01,8,91.96,40,8,80.86
285,2025-09-01,8,76.11,8,14,69.64
286,2025-10-01,8,72.3,19,16,98.14
287,2025-11-01,8,76.76,19,17,72.8
288,2025-12-01,8,88.29,33,4,71.41
289,2023-01-01,9,77.76,15,11,94.31
290,2023-02-01,9,82.81,47,9,93.44
291,2023-03-01,9,88.77,40,16,75.26
292,2023-04-01,9,84.24,20,8,88.92
293,2023-05-01,9,79.57,42,16,80.67
294,2023-06-01,9,80.71,22,2,84.18
295,2023-07-01,9,76.14,23,13,87.04
296,2023-08-01,9,86.79,35,16,93.77
297,2023-09-01,9,82.99,40,11,79.4
298,2023-10-01,9,84.1,29,1,95.26
299,2023-11-01,9,91.53,32,5,95.91
300,2023-12-01,9,81.23,22,21,75.72
301,2024-01-01,9,73.53,47,3,86.11
302,2024-02-01,9,86.51,21,12,90.07
303,2024-03-01,9,81.5,12,3,69.81
304,2024-04-01,9,86.1,18,4,69.56
305,2024-05-01,9,93.8,8,14,92.72
306,2024-06-01,9,75.69,9,16,68.67
307,2024-07-01,9,93.52,24,20,85.92
308,2024-08-01,9,78.27,47,16,96.35
309,2024-09-01,9,95.38,42,9,96.23
310,2024-10-01,9,82.2,16,11,74.26
311,2024-11-01,9,73.7,23,4,89.72
312,2024-12-01,9,81.43,21,20,87.2
313,2025-01-01,9,78.33,13,6,88.64
314,2025-02-01,9,78.05,23,9,91.6
315,2025-03-01,9,96.57,49,4,92.37
316,2025-04-01,9,81.19,10,10,80.77
317,2025-05-01,9,96.55,40,4,78.84
318,2025-06-01,9,73.4,50,14,85.85
319,2025-07-01,9,81.79,41,1,76.25
320,2025-08-01,9,94.59,6,5,86.49
321,2025-09-01,9,73.27,22,22,68.01
322,2025-10-01,9,83.77,50,21,89.47
323,2025-11-01,9,86.81,34,10,92.32
324,2025-12-01,9,73.9,10,5,82.09
325,2023-01-01,10,76.91,24,17,92.55
326,2023-02-01,10,96.72,18,17,81.24
327,2023-03-01,10,77.38,30,11,96.01
328,2023-04-01,10,72.41,38,14,97.69
329,2023-05-01,10,77.38,10,16,71.34
330,2023-06-01,10,87.22,44,7,68.81
331,2023-07-01,10,82.21,42,13,78.55
332,2023-08-01,10,94.47,37,11,77.76
333,2023-09-01,10,90.25,22,17,95.24
334,2023-10-01,10,83.43,42,4,84.55
335,2023-11-01,10,76.02,29,15,89.46
336,2023-12-01,10,83.83,29,11,74.11
337,2024-01-01,10,76.78,17,2,97.41
338,2024-02-01,10,86.75,13,8,71.98
339,2024-03-01,10,95.94,32,11,92.93
340,2024-04-01,10,74.05,10,14,78.52
341,2024-05-01,10,82.64,29,13,68.83
342,2024-06-01,10,86.51,16,10,83.15
343,2024-07-01,10,87.7,32,11,85.23
344,2024-08-01,10,87.65,28,3,77.37
345,2024-09-01,10,89.69,5,6,70.77
346,2024-10-01,10,95.27,26,9,94.55
347,2024-11-01,10,77.51,11,6,80.08
348,2024-12-01,10,87.84,44,8,92.71
349,2025-01-01,10,77.89,42,9,91.74
350,2025-02-01,10,94.04,35,2,95.28
351,2025-03-01,10,78.65,7,15,69.32
352,2025-04-01,10,80.28,9,11,87.6
353,2025-05-01,10,82.86,21,13,84.55
354,2025-06-01,10,79.67,41,7,70.92
355,2025-07-01,10,81.84,9,1,92.72
356,2025-08-01,10,84.82,19,11,86.37
357,2025-09-01,10,95.99,18,18,94.18
358,2025-10-01,10,82.13,23,6,92.47
359,2025-11-01,10,89.38,36,7,77.24
360,2025-12-01,10,83.48,12,6,92.53
361,2023-01-01,11,73.51,5,9,92.66
362,2023-02-01,11,74.38,10,6,69.31
363,2023-03-01,11,89.13,51,5,88.03
364,2023-04-01,11,87.36,19,3,84.09
365,2023-05-01,11,95.04,22,1,84.94
366,2023-06-01,11,93.25,15,17,82.01
367,2023-07-01,11,89.85,46,9,87.64
368,2023-08-01,11,72.15,19,16,90.22
369,2023-09-01,11,72.1,38,8,84.78
370,2023-10-01,11,79.45,16,11,81.55
371,2023-11-01,11,91.56,16,7,72.34
372,2023-12-01,11,95.06,26,16,96.77
373,2024-01-01,11,93.25,25,3,94.64
374,2024-02-01,11,74.66,8,12,77.79
375,2024-03-01,11,72.5,12,5,85.97
376,2024-04-01,11,85.97,27,20,93.12
377,2024-05-01,11,80.33,12,3,69.59
378,2024-06-01,11,89.3,54,1,76.33
379,2024-07-01,11,94.78,28,17,78.33
380,2024-08-01,11,75.15,12,17,94.74
381,2024-09-01,11,80.46,17,16,70.72
382,2024-10-01,11,72.67,31,16,82.64
383,2024-11-01,11,74.05,6,15,81.6
384,2024-12-01,11,92.61,28,17,76.73
385,2025-01-01,11,84.8,32,11,98.89
386,2025-02-01,11,76.62,52,5,77.12
387,2025-03-01,11,72.49,6,4,74.48
388,2025-04-01,11,82.25,21,19,77.32
389,2025-05-01,11,80.4,45,13,81.07
390,2025-06-01,11,94.98,45,21,84.66
391,2025-07-01,11,84.29,14,18,71.32
392,2025-08-01,11,95.21,19,18,89.32
393,2025-09-01,11,78.28,39,3,73.29
394,2025-10-01,11,93.31,8,8,78.32
395,2025-11-01,11,72.16,45,11,71.78
396,2025-12-01,11,96.47,44,20,96.91
397,2023-01-01,12,81.73,26,12,95.47
398,2023-02-01,12,95.2,44,3,84.69
399,2023-03-01,12,86.12,9,13,92.09
400,2023-04-01,12,87.24,34,11,95.37
401,2023-05-01,12,87.38,12,9,87.57
402,2023-06-01,12,93.56,33,11,95.59
403,2023-07-01,12,81.54,48,7,74.15
404,2023-08-01,12,93.32,16,10,76.58
405,2023-09-01,12,84.94,39,3,85.76
406,2023-10-01,12,83.33,39,15,80.61
407,2023-11-01,12,75.04,5,5,95.46
408,2023-12-01,12,83.25,47,10,93.33
409,2024-01-01,12,85.76,6,15,76.95
410,2024-02-01,12,90.64,20,4,85.03
411,2024-03-01,12,91.71,7,4,75.21
412,2024-04-01,12,80.53,15,19,76.97
413,2024-05-01,12,95.4,5,10,75.2
414,2024-06-01,12,96.59,35,19,79.93
415,2024-07-01,12,86.65,43,12,73.57
416,2024-08-01,12,79.47,5,12,75.34
417,2024-09-01,12,91.53,8,14,80.45
418,2024-10-01,12,86.45,4,2,84.54
419,2024-11-01,12,77.6,15,9,77.03
420,2024-12-01,12,91.42,10,5,78.32
421,2025-01-01,12,82.15,17,5,87.93
422,2025-02-01,12,73.06,20,7,86.24
423,2025-03-01,12,82.35,43,3,91.35
424,2025-04-01,12,91.41,6,10,95.82
425,2025-05-01,12,82.67,29,4,77.2
426,2025-06-01,12,82.33,6,9,72.32
427,2025-07-01,12,79.5,6,11,83.62
428,2025-08-01,12,88.05,20,6,71.83
429,2025-09-01,12,91.89,48,11,98.81
430,2025-10-01,12,92.94,31,12,90.31
431,2025-11-01,12,85.44,14,16,96.67
432,2025-12-01,12,86.59,32,12,87.45
433,2023-01-01,13,74.81,12,17,95.51
434,2023-02-01,13,83.89,9,18,75.83
435,2023-03-01,13,81.96,12,19,81.6
436,2023-04-01,13,82.55,5,18,92.04
437,2023-05-01,13,89.07,34,10,95.34
438,2023-06-01,13,82.66,31,2,95.47
439,2023-07-01,13,88.68,42,8,95.21
440,2023-08-01,13,73.29,29,12,94.38
441,2023-09-01,13,91.02,16,8,97.81
442,2023-10-01,13,93.01,10,3,79.2
443,2023-11-01,13,85.65,12,14,78.89
444,2023-12-01,13,88.7,7,7,80.87
445,2024-01-01,13,80.27,42,14,85.76
446,2024-02-01,13,75.39,28,11,74.29
447,2024-03-01,13,96.44,43,10,86.54
448,2024-04-01,13,94.97,11,13,83.64
449,2024-05-01,13,96.12,32,14,73.8
450,2024-06-01,13,95.33,10,18,93.04
451,2024-07-01,13,92.43,33,10,84.6
452,2024-08-01,13,86.92,26,6,90.46
453,2024-09-01,13,93.79,25,11,86.81
454,2024-10-01,13,81.51,28,16,94.07
455,2024-11-01,13,86.4,9,13,94.79
456,2024-12-01,13,93.08,26,9,79.6
457,2025-01-01,13,76.3,5,10,68.54
458,2025-02-01,13,92.42,9,2,82.33
459,2025-03-01,13,84.96,9,18,86.35
460,2025-04-01,13,73.74,47,5,75.62
461,2025-05-01,13,75.4,8,5,85.1
462,2025-06-01,13,80.29,45,15,92.89
463,2025-07-01,13,83.41,27,1,98.22
464,2025-08-01,13,77.36,39,19,73.16
465,2025-09-01,13,73.67,31,13,87.32
466,2025-10-01,13,74.23,13,16,73.82
467,2025-11-01,13,83.03,17,13,82.67
468,2025-12-01,13,84.77,27,15,95.16
469,2023-01-01,14,75.13,5,22,81.74
470,2023-02-01,14,85.24,46,19,91.8
471,2023-03-01,14,75.76,14,2,92.72
472,2023-04-01,14,87.12,12,11,94.42
473,2023-05-01,14,82.97,16,17,72.13
474,2023-06-01,14,96.76,26,12,77.82
475,2023-07-01,14,89.15,30,12,71.49
476,2023-08-01,14,82.24,13,12,83.79
477,2023-09-01,14,77.59,29,1,75.1
478,2023-10-01,14,82.36,48,13,81.5
479,2023-11-01,14,72.76,38,19,77.33
480,2023-12-01,14,91.3,35,4,84.96
481,2024-01-01,14,84.11,37,3,97.68
482,2024-02-01,14,82.77,13,13,96.3
483,2024-03-01,14,76.42,24,18,76.93
484,2024-04-01,14,91.61,24,2,89.44
485,2024-05-01,14,72.36,34,14,72.09
486,2024-06-01,14,74.72,16,17,84.26
487,2024-07-01,14,84.45,21,18,93.57
488,2024-08-01,14,85.21,46,15,94.06
489,2024-09-01,14,78.04,6,18,83.33
490,2024-10-01,14,75.03,49,15,81.87
491,2024-11-01,14,93.24,52,9,91.16
492,2024-12-01,14,87.79,29,7,87.84
493,2025-01-01,14,79.39,40,21,97.66
494,2025-02-01,14,80.27,46,2,73.65
495,2025-03-01,14,79.11,45,15,80.24
496,2025-04-01,14,80.74,15,10,90.83
497,2025-05-01,14,83.6,9,18,72.03
498,2025-06-01,14,92.12,10,17,69.67
499,2025-07-01,14,81.66,44,8,81.36
500,2025-08-01,14,94.06,26,11,82.99
501,2025-09-01,14,79.65,51,9,88.64
502,2025-10-01,14,88.69,16,20,90.24
503,2025-11-01,14,86.95,33,15,93.72
504,2025-12-01,14,90.35,53,19,70.9
505,2023-01-01,15,93.01,28,17,74.21
506,2023-02-01,15,74.18,19,1,79.53
507,2023-03-01,15,79.89,9,3,80.55
508,2023-04-01,15,82.55,20,6,84.47
509,2023-05-01,15,80.87,7,5,97.67
510,2023-06-01,15,80.98,11,13,76.1
511,2023-07-01,15,76.46,36,8,89.4
512,2023-08-01,15,95.34,42,11,76.84
513,2023-09-01,15,89.58,41,2,87.51
514,2023-10-01,15,82.5,12,12,97.28
515,2023-11-01,15,89.31,40,1,83.37
516,2023-12-01,15,74.59,6,11,70.34
517,2024-01-01,15,92.18,12,16,68.99
518,2024-02-01,15,81.5,31,11,73.27
519,2024-03-01,15,94.81,31,10,91.33
520,2024-04-01,15,94.43,19,13,93.54
521,2024-05-01,15,90.01,40,15,69.92
522,2024-06-01,15,80.77,30,16,70.85
523,2024-07-01,15,84.31,14,11,96.12
524,2024-08-01,15,78.52,24,8,80.98
525,2024-09-01,15,76.38,21,12,72.64
526,2024-10-01,15,95.67,41,10,81.14
527,2024-11-01,15,78.41,44,8,84.89
528,2024-12-01,15,92.64,42,13,91.53
529,2025-01-01,15,86.88,4,11,68.33
530,2025-02-01,15,85.72,12,5,84.19
531,2025-03-01,15,72.9,42,5,68.67
532,2025-04-01,15,84.29,14,15,78.82
533,2025-05-01,15,84.39,17,18,88.83
534,2025-06-01,15,86.78,28,16,78.27
535,2025-07-01,15,86.19,6,6,89.77
536,2025-08-01,15,94.73,31,8,72.85
537,2025-09-01,15,91.23,32,2,81.63
538,2025-10-01,15,95.92,15,6,81.64
539,2025-11-01,15,80.27,8,11,82.41
540,2025-12-01,15,89.63,19,5,74.19
541,2023-01-01,16,77.43,50,11,98.04
542,2023-02-01,16,86.4,6,19,95.44
543,2023-03-01,16,93.87,13,11,94.83
544,2023-04-01,16,74.36,49,10,96.74
545,2023-05-01,16,84.25,12,12,96.63
546,2023-06-01,16,92.29,50,1,75.34
547,2023-07-01,16,75.04,46,14,92.61
548,2023-08-01,16,88.12,50,6,82.92
549,2023-09-01,16,72.96,45,6,77.9
550,2023-10-01,16,92.54,39,9,78.63
551,2023-11-01,16,84.59,45,2,96.57
552,2023-12-01,16,96.54,47,5,86.51
553,2024-01-01,16,96.88,23,1,74.68
554,2024-02-01,16,88.51,42,9,83.13
555,2024-03-01,16,79.91,50,8,87.66
556,2024-04-01,16,88.04,50,13,86.44
557,2024-05-01,16,87.57,18,10,77.33
558,2024-06-01,16,88.72,30,9,98.77
559,2024-07-01,16,83.62,14,1,95.86
560,2024-08-01,16,95.39,46,13,96.75
561,2024-09-01,16,77.27,32,21,73.32
562,2024-10-01,16,79.66,50,15,87.63
563,2024-11-01,16,78.56,40,20,97.84
564,2024-12-01,16,73.75,41,16,80.14
565,2025-01-01,16,92.17,12,4,85.29
566,2025-02-01,16,89.51,8,5,82.35
567,2025-03-01,16,72.8,22,12,80.29
568,2025-04-01,16,82.16,5,2,80.91
569,2025-05-01,16,90.65,46,18,87.96
570,2025-06-01,16,96.07,27,18,82.91
571,2025-07-01,16,82.36,26,3,85.81
572,2025-08-01,16,77.36,6,12,91.12
573,2025-09-01,16,90.34,31,10,77.33
574,2025-10-01,16,76.38,39,15,98.99
575,2025-11-01,16,78.95,13,17,84.77
576,2025-12-01,16,93.81,34,17,79.75
577,2023-01-01,17,84.21,39,2,88.82
578,2023-02-01,17,85.91,8,17,96.41
579,2023-03-01,17,95.03,38,16,87.46
580,2023-04-01,17,84.23,10,6,84.03
581,2023-05-01,17,73.32,17,13,96.16
582,2023-06-01,17,94.31,6,14,75.61
583,2023-07-01,17,96.37,36,2,89.39
584,2023-08-01,17,89.49,20,17,90.81
585,2023-09-01,17,88.98,18,14,82.58
586,2023-10-01,17,72.65,27,13,72.41
587,2023-11-01,17,73.49,38,8,81.32
588,2023-12-01,17,79.77,4,12,96.35
589,2024-01-01,17,75.41,27,8,91.13
590,2024-02-01,17,84.99,43,4,85.95
591,2024-03-01,17,92.95,26,18,81.47
592,2024-04-01,17,92.16,30,14,82.79
593,2024-05-01,17,76.88,35,9,71.44
594,2024-06-01,17,85.0,5,8,82.61
595,2024-07-01,17,78.93,23,16,85.96
596,2024-08-01,17,82.46,42,15,79.24
597,2024-09-01,17,90.69,9,16,97.15
598,2024-10-01,17,96.98,36,10,86.08
599,2024-11-01,17,83.12,40,14,96.15
600,2024-12-01,17,82.0,7,18,84.39
601,2025-01-01,17,78.08,28,7,98.3
602,2025-02-01,17,79.23,37,12,80.18
603,2025-03-01,17,87.06,37,12,81.05
604,2025-04-01,17,86.6,36,8,95.0
605,2025-05-01,17,76.07,21,7,78.99
606,2025-06-01,17,87.87,26,4,81.22
607,2025-07-01,17,95.89,42,4,71.18
608,2025-08-01,17,94.05,16,8,89.63
609,2025-09-01,17,82.48,11,7,83.02
610,2025-10-01,17,78.48,8,16,94.26
611,2025-11-01,17,73.45,42,8,81.98
612,2025-12-01,17,85.1,34,6,73.47
613,2023-01-01,18,74.31,51,18,93.46
614,2023-02-01,18,79.38,5,3,94.96
615,2023-03-01,18,86.29,31,21,94.06
616,2023-04-01,18,95.55,15,17,75.06
617,2023-05-01,18,90.45,21,19,81.24
618,2023-06-01,18,72.18,34,20,95.78
619,2023-07-01,18,84.06,8,12,84.04
620,2023-08-01,18,82.1,9,15,70.3
621,2023-09-01,18,91.64,47,14,91.24
622,2023-10-01,18,90.95,46,8,84.72
623,2023-11-01,18,89.44,38,10,92.51
624,2023-12-01,18,91.77,34,18,79.24
625,2024-01-01,18,78.07,35,11,72.71
626,2024-02-01,18,85.06,12,5,90.41
627,2024-03-01,18,84.72,20,11,87.28
628,2024-04-01,18,89.62,46,5,89.05
629,2024-05-01,18,89.7,5,14,80.07
630,2024-06-01,18,79.09,7,4,93.6
631,2024-07-01,18,82.96,56,4,92.78
632,2024-08-01,18,85.55,21,11,73.17
633,2024-09-01,18,82.64,44,3,83.13
634,2024-10-01,18,73.7,13,5,71.5
635,2024-11-01,18,73.0,20,18,68.1
636,2024-12-01,18,85.06,31,8,94.83
637,2025-01-01,18,72.88,51,9,77.19
638,2025-02-01,18,80.86,34,9,75.64
639,2025-03-01,18,87.48,51,17,97.01
640,2025-04-01,18,86.53,9,19,88.31
641,2025-05-01,18,79.03,15,19,95.81
642,2025-06-01,18,84.33,33,6,94.05
643,2025-07-01,18,83.42,23,8,83.7
644,2025-08-01,18,84.01,24,1,76.28
645,2025-09-01,18,92.81,6,10,89.98
646,2025-10-01,18,76.44,15,21,97.73
647,2025-11-01,18,76.24,21,21,92.72
648,2025-12-01,18,95.79,36,16,84.17
649,2023-01-01,19,82.45,44,13,91.72
650,2023-02-01,19,96.98,48,16,68.39
651,2023-03-01,19,94.41,10,13,85.75
652,2023-04-01,19,92.15,33,20,70.13
653,2023-05-01,19,88.5,38,7,79.71
654,2023-06-01,19,94.8,6,9,89.05
655,2023-07-01,19,93.6,17,16,75.14
656,2023-08-01,19,95.87,11,15,74.23
657,2023-09-01,19,82.7,20,8,81.0
658,2023-10-01,19,72.37,22,20,94.67
659,2023-11-01,19,95.04,16,7,77.32
660,2023-12-01,19,81.65,25,17,85.78
661,2024-01-01,19,76.59,23,6,72.97
662,2024-02-01,19,88.21,10,11,71.16
663,2024-03-01,19,81.82,27,1,70.19
664,2024-04-01,19,96.14,46,12,89.03
665,2024-05-01,19,74.39,30,15,84.65
666,2024-06-01,19,92.03,27,4,71.99
667,2024-07-01,19,83.71,21,10,91.71
668,2024-08-01,19,74.09,27,2,87.31
669,2024-09-01,19,73.61,33,3,94.37
670,2024-10-01,19,72.83,35,14,79.06
671,2024-11-01,19,85.36,6,4,77.41
672,2024-12-01,19,85.83,7,8,73.9
673,2025-01-01,19,78.59,33,8,89.82
674,2025-02-01,19,87.5,17,12,97.19
675,2025-03-01,19,83.62,34,12,77.28
676,2025-04-01,19,92.58,48,1,96.89
677,2025-05-01,19,82.34,40,20,90.98
678,2025-06-01,19,84.67,4,5,73.24
679,2025-07-01,19,91.51,47,12,73.33
680,2025-08-01,19,78.76,39,5,97.62
681,2025-09-01,19,82.2,9,12,87.93
682,2025-10-01,19,80.14,34,10,85.38
683,2025-11-01,19,95.88,11,13,87.71
684,2025-12-01,19,91.66,6,10,90.01
685,2023-01-01,20,78.67,23,11,93.58
686,2023-02-01,20,74.35,17,13,96.8
687,2023-03-01,20,94.02,21,15,85.05
688,2023-04-01,20,73.71,17,8,76.31
689,2023-05-01,20,78.71,39,14,86.49
690,2023-06-01,20,83.4,32,18,70.83
691,2023-07-01,20,83.49,35,4,85.81
692,2023-08-01,20,83.77,38,1,68.34
693,2023-09-01,20,76.32,25,16,83.0
694,2023-10-01,20,78.0,34,2,75.92
695,2023-11-01,20,88.44,36,10,85.19
696,2023-12-01,20,94.97,9,18,79.18
697,2024-01-01,20,75.9,31,5,85.77
698,2024-02-01,20,94.66,11,13,83.58
699,2024-03-01,20,85.28,17,1,82.24
700,2024-04-01,20,88.61,29,15,72.77
701,2024-05-01,20,85.62,35,6,87.57
702,2024-06-01,20,80.32,15,1,69.51
703,2024-07-01,20,88.57,39,5,96.57
704,2024-08-01,20,88.03,37,12,71.23
705,2024-09-01,20,72.14,16,7,93.48
706,2024-10-01,20,80.98,28,1,70.59
707,2024-11-01,20,73.84,38,7,75.23
708,2024-12-01,20,94.43,35,13,96.99
709,2025-01-01,20,95.0,17,13,84.66
710,2025-02-01,20,85.09,4,2,81.51
711,2025-03-01,20,74.32,16,17,81.82
712,2025-04-01,20,95.18,25,5,92.0
713,2025-05-01,20,84.96,3,15,93.39
714,2025-06-01,20,82.76,22,10,95.75
715,2025-07-01,20,89.51,40,12,73.73
716,2025-08-01,20,76.55,18,9,70.66
717,2025-09-01,20,91.8,18,5,92.57
718,2025-10-01,20,92.98,10,15,70.51
719,2025-11-01,20,87.72,20,16,95.78
720,2025-12-01,20,91.83,31,4,89.23
721,2023-01-01,21,86.35,14,21,81.43
722,2023-02-01,21,80.61,32,1,96.18
723,2023-03-01,21,76.84,40,19,81.57
724,2023-04-01,21,80.74,13,19,76.64
725,2023-05-01,21,76.28,23,4,91.01
726,2023-06-01,21,73.07,39,18,90.66
727,2023-07-01,21,74.27,47,8,77.54
728,2023-08-01,21,81.13,34,21,87.09
729,2023-09-01,21,73.65,52,17,82.7
730,2023-10-01,21,95.57,40,12,77.3
731,2023-11-01,21,83.7,19,17,78.82
732,2023-12-01,21,86.86,37,21,85.49
733,2024-01-01,21,86.53,16,16,76.66
734,2024-02-01,21,90.48,30,19,87.74
735,2024-03-01,21,81.04,35,15,93.82
736,2024-04-01,21,79.72,51,8,86.9
737,2024-05-01,21,74.86,10,12,73.3
738,2024-06-01,21,91.74,42,3,82.6
739,2024-07-01,21,72.58,47,16,73.45
740,2024-08-01,21,73.56,53,16,79.51
741,2024-09-01,21,94.1,51,2,72.88
742,2024-10-01,21,77.26,8,5,72.03
743,2024-11-01,21,77.38,46,5,70.86
744,2024-12-01,21,92.98,18,2,94.11
745,2025-01-01,21,84.3,5,8,72.06
746,2025-02-01,21,73.1,6,3,74.6
747,2025-03-01,21,80.7,39,14,94.62
748,2025-04-01,21,81.64,37,9,97.01
749,2025-05-01,21,80.96,35,21,93.66
750,2025-06-01,21,77.32,35,9,85.46
751,2025-07-01,21,74.22,51,5,87.51
752,2025-08-01,21,72.73,11,10,68.37
753,2025-09-01,21,84.96,34,5,74.75
754,2025-10-01,21,86.84,21,2,78.22
755,2025-11-01,21,73.63,15,13,71.23
756,2025-12-01,21,92.52,13,16,76.88
757,2023-01-01,22,87.85,45,14,83.9
758,2023-02-01,22,95.89,43,10,92.41
759,2023-03-01,22,74.96,29,2,70.07
760,2023-04-01,22,79.52,5,9,68.55
761,2023-05-01,22,76.69,35,16,90.44
762,2023-06-01,22,88.86,7,19,82.61
763,2023-07-01,22,81.16,51,6,84.92
764,2023-08-01,22,89.21,52,6,91.94
765,2023-09-01,22,93.38,44,18,76.21
766,2023-10-01,22,74.21,34,8,92.9
767,2023-11-01,22,75.85,41,12,98.55
768,2023-12-01,22,72.18,36,4,98.67
769,2024-01-01,22,74.92,39,3,68.48
770,2024-02-01,22,89.35,5,13,98.73
771,2024-03-01,22,89.79,23,3,84.74
772,2024-04-01,22,81.88,6,4,74.92
773,2024-05-01,22,78.94,48,3,90.96
774,2024-06-01,22,84.31,7,6,95.22
775,2024-07-01,22,90.86,20,19,77.37
776,2024-08-01,22,86.85,13,10,85.99
777,2024-09-01,22,85.0,35,14,73.06
778,2024-10-01,22,86.63,50,18,98.32
779,2024-11-01,22,88.58,15,3,93.37
780,2024-12-01,22,85.97,37,8,83.49
781,2025-01-01,22,94.82,31,14,85.25
782,2025-02-01,22,77.09,8,18,72.05
783,2025-03-01,22,94.07,15,18,80.99
784,2025-04-01,22,87.06,43,5,89.13
785,2025-05-01,22,81.65,52,16,81.15
786,2025-06-01,22,96.59,33,7,75.86
787,2025-07-01,22,76.16,44,7,91.15
788,2025-08-01,22,95.29,13,18,79.44
789,2025-09-01,22,86.48,4,20,93.01
790,2025-10-01,22,86.14,32,7,82.71
791,2025-11-01,22,96.06,15,16,75.16
792,2025-12-01,22,75.13,36,15,90.84
793,2023-01-01,23,81.55,51,10,96.91
794,2023-02-01,23,88.69,19,13,92.97
795,2023-03-01,23,79.47,42,18,89.83
796,2023-04-01,23,90.34,36,11,85.14
797,2023-05-01,23,91.83,38,17,88.07
798,2023-06-01,23,76.48,48,14,72.17
799,2023-07-01,23,89.79,17,15,74.34
800,2023-08-01,23,96.16,13,7,92.0
801,2023-09-01,23,77.93,25,9,82.23
802,2023-10-01,23,76.03,14,1,95.63
803,2023-11-01,23,77.2,43,20,88.05
804,2023-12-01,23,90.34,50,9,81.01
805,2024-01-01,23,77.42,43,6,89.71
806,2024-02-01,23,84.96,39,20,95.92
807,2024-03-01,23,95.66,31,14,82.43
808,2024-04-01,23,88.17,28,1,96.91
809,2024-05-01,23,80.51,6,4,70.57
810,2024-06-01,23,86.35,23,21,69.53
811,2024-07-01,23,92.13,35,14,86.87
812,2024-08-01,23,86.25,37,16,98.38
813,2024-09-01,23,93.12,21,11,71.29
814,2024-10-01,23,82.57,35,12,72.62
815,2024-11-01,23,86.34,44,20,68.71
816,2024-12-01,23,83.01,6,8,95.25
817,2025-01-01,23,90.0,45,19,75.71
818,2025-02-01,23,90.33,28,2,70.46
819,2025-03-01,23,92.69,52,17,98.88
820,2025-04-01,23,77.99,34,2,93.43
821,2025-05-01,23,77.96,48,7,76.2
822,2025-06-01,23,83.31,20,12,90.02
823,2025-07-01,23,79.77,52,16,80.73
824,2025-08-01,23,93.81,38,7,72.29
825,2025-09-01,23,81.27,52,19,82.72
826,2025-10-01,23,80.41,13,21,70.33
827,2025-11-01,23,82.24,22,12,96.81
828,2025-12-01,23,77.48,39,18,77.43
829,2023-01-01,24,88.71,26,12,82.9
830,2023-02-01,24,79.27,43,10,92.13
831,2023-03-01,24,74.99,30,19,70.0
832,2023-04-01,24,83.32,40,17,73.19
833,2023-05-01,24,75.35,42,15,77.75
834,2023-06-01,24,85.2,39,9,74.02
835,2023-07-01,24,74.89,46,16,81.51
836,2023-08-01,24,76.58,12,2,80.22
837,2023-09-01,24,95.04,45,10,71.47
838,2023-10-01,24,78.04,16,13,80.41
839,2023-11-01,24,79.66,47,9,73.71
840,2023-12-01,24,73.94,44,17,88.6
841,2024-01-01,24,84.69,15,11,86.21
842,2024-02-01,24,77.19,40,12,82.01
843,2024-03-01,24,87.15,15,15,75.22
844,2024-04-01,24,84.68,45,3,86.83
845,2024-05-01,24,74.5,12,10,83.5
846,2024-06-01,24,75.13,4,14,83.15
847,2024-07-01,24,87.66,16,6,74.54
848,2024-08-01,24,78.53,37,4,72.13
849,2024-09-01,24,77.32,36,17,71.52
850,2024-10-01,24,89.08,23,4,98.19
851,2024-11-01,24,83.58,33,17,69.18
852,2024-12-01,24,83.74,7,4,86.77
853,2025-01-01,24,96.62,38,17,84.76
854,2025-02-01,24,87.86,29,16,76.82
855,2025-03-01,24,81.36,4,12,69.37
856,2025-04-01,24,88.93,38,13,78.02
857,2025-05-01,24,91.67,46,12,97.01
858,2025-06-01,24,80.29,16,7,74.28
859,2025-07-01,24,75.43,17,14,88.64
860,2025-08-01,24,84.55,45,10,90.53
861,2025-09-01,24,83.29,40,16,95.1
862,2025-10-01,24,94.91,25,5,91.92
863,2025-11-01,24,84.09,18,7,85.54
864,2025-12-01,24,75.98,31,1,91.03
865,2023-01-01,25,82.69,15,2,93.95
866,2023-02-01,25,91.86,13,15,86.44
867,2023-03-01,25,92.97,49,1,78.51
868,2023-04-01,25,95.33,33,3,75.02
869,2023-05-01,25,82.32,8,9,84.03
870,2023-06-01,25,87.06,31,16,95.55
871,2023-07-01,25,94.43,39,12,97.8
872,2023-08-01,25,87.8,5,7,87.49
873,2023-09-01,25,75.62,39,20,77.19
874,2023-10-01,25,73.16,43,6,83.42
875,2023-11-01,25,76.74,50,19,82.99
876,2023-12-01,25,96.13,13,11,80.1
877,2024-01-01,25,87.54,16,3,93.32
878,2024-02-01,25,89.24,10,11,95.68
879,2024-03-01,25,84.19,18,7,82.17
880,2024-04-01,25,90.15,39,4,73.36
881,2024-05-01,25,90.11,19,4,98.62
882,2024-06-01,25,89.82,47,6,84.94
883,2024-07-01,25,74.56,38,9,98.79
884,2024-08-01,25,88.93,43,1,84.78
885,2024-09-01,25,86.18,26,16,73.34
886,2024-10-01,25,93.64,15,8,88.08
887,2024-11-01,25,88.88,23,16,88.91
888,2024-12-01,25,91.73,38,16,91.76
889,2025-01-01,25,93.38,25,19,84.15
890,2025-02-01,25,96.58,35,21,70.22
891,2025-03-01,25,85.45,6,14,81.35
892,2025-04-01,25,88.64,5,20,74.42
893,2025-05-01,25,91.05,20,13,68.58
894,2025-06-01,25,77.68,40,5,81.9
895,2025-07-01,25,84.93,51,18,85.71
896,2025-08-01,25,83.24,9,10,72.04
897,2025-09-01,25,88.16,24,21,69.31
898,2025-10-01,25,88.2,20,9,69.59
899,2025-11-01,25,91.67,45,7,77.87
900,2025-12-01,25,87.97,48,21,89.84
901,2023-01-01,26,91.7,48,5,94.94
902,2023-02-01,26,76.79,29,10,81.62
903,2023-03-01,26,83.9,23,19,80.07
904,2023-04-01,26,78.01,12,1,85.98
905,2023-05-01,26,86.91,54,14,88.27
906,2023-06-01,26,80.6,49,22,76.61
907,2023-07-01,26,87.55,29,2,88.63
908,2023-08-01,26,85.19,44,15,80.03
909,2023-09-01,26,72.75,31,7,73.89
910,2023-10-01,26,87.32,29,4,88.41
911,2023-11-01,26,72.46,51,9,69.69
912,2023-12-01,26,94.31,13,13,70.72
913,2024-01-01,26,79.82,8,15,73.04
914,2024-02-01,26,88.76,8,10,74.34
915,2024-03-01,26,74.99,24,22,75.32
916,2024-04-01,26,81.57,23,14,81.84
917,2024-05-01,26,93.43,40,11,72.74
918,2024-06-01,26,93.25,37,9,85.09
919,2024-07-01,26,90.65,39,13,73.06
920,2024-08-01,26,78.45,26,16,77.65
921,2024-09-01,26,85.51,20,19,85.19
922,2024-10-01,26,78.96,15,18,71.22
923,2024-11-01,26,79.41,18,12,86.07
924,2024-12-01,26,81.51,11,3,75.42
925,2025-01-01,26,94.99,17,14,72.11
926,2025-02-01,26,95.47,53,9,86.56
927,2025-03-01,26,96.79,12,22,91.67
928,2025-04-01,26,72.03,54,22,75.08
929,2025-05-01,26,95.69,36,6,78.65
930,2025-06-01,26,87.14,19,4,90.63
931,2025-07-01,26,91.06,32,7,85.46
932,2025-08-01,26,91.84,51,6,71.06
933,2025-09-01,26,93.36,16,17,77.6
934,2025-10-01,26,85.22,46,20,87.72
935,2025-11-01,26,76.78,37,12,88.07
936,2025-12-01,26,96.54,5,8,84.6
937,2023-01-01,27,73.7,31,6,97.97
938,2023-02-01,27,79.55,18,8,70.96
939,2023-03-01,27,75.94,16,15,82.66
940,2023-04-01,27,94.82,12,10,83.51
941,2023-05-01,27,92.7,26,17,85.97
942,2023-06-01,27,73.63,25,9,85.53
943,2023-07-01,27,88.88,20,7,76.37
944,2023-08-01,27,90.62,23,18,94.07
945,2023-09-01,27,95.83,8,11,77.43
946,2023-10-01,27,90.25,11,9,86.92
947,2023-11-01,27,76.26,39,7,83.95
948,2023-12-01,27,76.94,11,3,76.75
949,2024-01-01,27,75.16,31,7,85.16
950,2024-02-01,27,75.18,36,8,78.05
951,2024-03-01,27,80.21,19,11,87.02
952,2024-04-01,27,86.99,16,4,78.31
953,2024-05-01,27,92.49,44,8,72.98
954,2024-06-01,27,73.87,34,13,70.31
955,2024-07-01,27,72.89,43,10,94.42
956,2024-08-01,27,74.76,6,14,75.09
957,2024-09-01,27,96.29,25,16,79.79
958,2024-10-01,27,93.69,4,3,98.84
959,2024-11-01,27,88.31,30,11,73.16
960,2024-12-01,27,94.1,13,1,87.18
961,2025-01-01,27,78.83,23,13,88.11
962,2025-02-01,27,92.26,36,6,69.01
963,2025-03-01,27,91.87,27,12,79.7
964,2025-04-01,27,90.76,23,14,88.54
965,2025-05-01,27,79.59,36,13,96.47
966,2025-06-01,27,86.05,12,4,93.19
967,2025-07-01,27,93.64,43,15,86.91
968,2025-08-01,27,82.31,40,8,79.62
969,2025-09-01,27,93.23,34,17,92.91
970,2025-10-01,27,86.36,17,18,82.02
971,2025-11-01,27,76.02,24,3,92.51
972,2025-12-01,27,91.55,40,11,77.28
973,2023-01-01,28,92.03,34,20,83.98
974,2023-02-01,28,87.06,32,6,97.67
975,2023-03-01,28,73.78,48,15,86.76
976,2023-04-01,28,91.53,39,2,91.41
977,2023-05-01,28,87.04,18,4,93.07
978,2023-06-01,28,91.18,45,18,78.46
979,2023-07-01,28,83.3,26,20,90.13
980,2023-08-01,28,82.97,31,7,76.36
981,2023-09-01,28,94.98,11,1,82.57
982,2023-10-01,28,95.81,39,15,96.52
983,2023-11-01,28,76.77,34,17,71.37
984,2023-12-01,28,82.21,16,17,84.9
985,2024-01-01,28,74.5,33,10,79.94
986,2024-02-01,28,75.9,21,9,96.41
987,2024-03-01,28,77.58,29,8,74.77
988,2024-04-01,28,81.14,20,4,78.6
989,2024-05-01,28,90.68,47,1,77.7
990,2024-06-01,28,96.4,43,19,71.84
991,2024-07-01,28,92.46,33,21,77.67
992,2024-08-01,28,91.69,4,11,92.11
993,2024-09-01,28,90.97,50,12,80.09
994,2024-10-01,28,96.58,49,10,92.27
995,2024-11-01,28,96.81,8,21,93.21
996,2024-12-01,28,96.95,26,5,74.67
997,2025-01-01,28,88.39,10,6,71.44
998,2025-02-01,28,87.79,37,14,75.71
999,2025-03-01,28,96.76,40,2,96.7
1000,2025-04-01,28,91.46,26,12,96.35
1001,2025-05-01,28,84.87,30,20,76.72
1002,2025-06-01,28,94.04,39,11,75.91
1003,2025-07-01,28,94.92,19,12,89.58
1004,2025-08-01,28,93.35,46,4,87.48
1005,2025-09-01,28,84.42,17,17,70.33
1006,2025-10-01,28,86.89,7,10,76.0
1007,2025-11-01,28,77.17,16,1,98.91
1008,2025-12-01,28,87.91,32,10,93.49
1009,2023-01-01,29,72.2,20,5,83.51
1010,2023-02-01,29,77.99,7,2,97.77
1011,2023-03-01,29,74.54,25,5,74.22
1012,2023-04-01,29,73.85,34,17,87.08
1013,2023-05-01,29,85.7,16,15,78.23
1014,2023-06-01,29,96.73,22,10,78.23
1015,2023-07-01,29,77.6,18,15,86.85
1016,2023-08-01,29,96.33,14,4,91.46
1017,2023-09-01,29,82.95,22,11,73.3
1018,2023-10-01,29,85.12,29,15,75.3
1019,2023-11-01,29,80.87,4,1,73.21
1020,2023-12-01,29,84.34,29,3,71.21
1021,2024-01-01,29,90.7,11,6,73.23
1022,2024-02-01,29,79.19,35,8,90.85
1023,2024-03-01,29,89.52,22,1,91.16
1024,2024-04-01,29,94.08,37,9,98.4
1025,2024-05-01,29,80.7,17,4,90.46
1026,2024-06-01,29,84.1,27,12,78.65
1027,2024-07-01,29,90.23,33,16,69.0
1028,2024-08-01,29,82.74,28,12,72.94
1029,2024-09-01,29,86.02,25,13,85.27
1030,2024-10-01,29,72.72,6,6,72.03
1031,2024-11-01,29,75.32,30,4,72.94
1032,2024-12-01,29,77.32,10,9,93.55
1033,2025-01-01,29,89.17,25,15,79.91
1034,2025-02-01,29,88.6,21,6,93.37
1035,2025-03-01,29,96.66,40,18,88.2
1036,2025-04-01,29,73.24,30,3,83.68
1037,2025-05-01,29,72.14,9,8,79.96
1038,2025-06-01,29,82.39,36,5,69.55
1039,2025-07-01,29,91.83,39,1,87.55
1040,2025-08-01,29,73.81,18,13,95.19
1041,2025-09-01,29,89.95,4,15,86.79
1042,2025-10-01,29,92.62,35,2,71.53
1043,2025-11-01,29,80.95,39,16,86.1
1044,2025-12-01,29,83.75,20,3,98.39
1045,2023-01-01,30,90.49,6,3,89.01
1046,2023-02-01,30,78.88,35,6,94.55
1047,2023-03-01,30,79.74,19,2,93.82
1048,2023-04-01,30,77.49,5,16,98.38
1049,2023-05-01,30,94.04,14,7,87.97
1050,2023-06-01,30,86.07,17,12,69.67
1051,2023-07-01,30,74.4,18,14,73.65
1052,2023-08-01,30,81.57,28,16,94.62
1053,2023-09-01,30,88.05,18,16,75.16
1054,2023-10-01,30,90.41,20,13,74.75
1055,2023-11-01,30,91.6,41,6,89.03
1056,2023-12-01,30,91.95,31,2,83.64
1057,2024-01-01,30,81.96,42,13,96.73
1058,2024-02-01,30,83.6,6,5,93.65
1059,2024-03-01,30,83.01,17,17,96.01
1060,2024-04-01,30,81.05,37,10,87.77
1061,2024-05-01,30,81.18,27,14,94.75
1062,2024-06-01,30,91.25,25,10,68.9
1063,2024-07-01,30,85.33,8,4,77.96
1064,2024-08-01,30,87.03,9,14,91.47
1065,2024-09-01,30,86.75,40,18,98.56
1066,2024-10-01,30,95.77,3,5,75.68
1067,2024-11-01,30,86.43,37,6,81.81
1068,2024-12-01,30,88.0,37,1,75.66
1069,2025-01-01,30,81.47,29,2,97.95
1070,2025-02-01,30,85.42,15,8,97.98
1071,2025-03-01,30,87.49,29,13,97.1
1072,2025-04-01,30,72.87,28,13,93.33
1073,2025-05-01,30,78.29,22,15,92.53
1074,2025-06-01,30,80.59,35,15,96.01
1075,2025-07-01,30,91.22,24,10,68.42
1076,2025-08-01,30,87.72,12,4,89.92
1077,2025-09-01,30,78.4,6,9,69.51
1078,2025-10-01,30,79.84,14,2,80.03
1079,2025-11-01,30,73.43,28,5,82.63
1080,2025-12-01,30,86.16,4,9,93.99
1081,2023-01-01,31,78.73,6,4,86.72
1082,2023-02-01,31,90.03,26,14,79.06
1083,2023-03-01,31,84.53,10,13,75.53
1084,2023-04-01,31,79.71,41,8,84.24
1085,2023-05-01,31,77.03,17,1,93.04
1086,2023-06-01,31,96.83,30,4,72.29
1087,2023-07-01,31,86.19,28,6,73.91
1088,2023-08-01,31,94.21,31,9,73.96
1089,2023-09-01,31,80.62,39,13,73.49
1090,2023-10-01,31,76.97,35,8,87.88
1091,2023-11-01,31,77.89,23,4,84.27
1092,2023-12-01,31,82.74,42,18,71.83
1093,2024-01-01,31,88.57,30,1,95.51
1094,2024-02-01,31,89.91,26,10,91.44
1095,2024-03-01,31,92.88,16,16,75.98
1096,2024-04-01,31,95.23,12,18,85.62
1097,2024-05-01,31,78.98,20,14,77.65
1098,2024-06-01,31,86.63,17,8,86.29
1099,2024-07-01,31,95.44,14,1,90.37
1100,2024-08-01,31,79.43,23,4,85.62
1101,2024-09-01,31,77.55,26,6,82.38
1102,2024-10-01,31,79.28,4,2,95.64
1103,2024-11-01,31,90.3,17,13,87.77
1104,2024-12-01,31,82.11,14,18,70.65
1105,2025-01-01,31,85.8,36,17,73.3
1106,2025-02-01,31,81.08,23,1,76.77
1107,2025-03-01,31,82.19,37,14,81.77
1108,2025-04-01,31,83.41,22,3,97.34
1109,2025-05-01,31,80.46,5,15,91.0
1110,2025-06-01,31,77.5,29,13,96.46
1111,2025-07-01,31,87.22,26,7,83.13
1112,2025-08-01,31,88.06,18,15,89.23
1113,2025-09-01,31,84.56,18,1,73.68
1114,2025-10-01,31,77.46,4,0,74.16
1115,2025-11-01,31,88.3,33,7,98.83
1116,2025-12-01,31,95.81,32,3,82.29
1117,2023-01-01,32,85.47,16,18,69.68
1118,2023-02-01,32,78.36,42,18,92.61
1119,2023-03-01,32,90.75,25,17,81.85
1120,2023-04-01,32,82.88,49,16,97.78
1121,2023-05-01,32,84.03,35,10,82.9
1122,2023-06-01,32,93.32,33,9,86.77
1123,2023-07-01,32,87.55,49,20,97.75
1124,2023-08-01,32,82.24,36,3,93.73
1125,2023-09-01,32,93.97,34,17,77.03
1126,2023-10-01,32,75.89,45,10,90.17
1127,2023-11-01,32,92.54,14,13,93.54
1128,2023-12-01,32,72.44,34,16,94.57
1129,2024-01-01,32,86.01,5,2,77.36
1130,2024-02-01,32,92.62,44,19,78.44
1131,2024-03-01,32,96.76,31,17,77.62
1132,2024-04-01,32,74.57,38,6,74.3
1133,2024-05-01,32,80.95,10,12,91.92
1134,2024-06-01,32,94.57,12,13,93.46
1135,2024-07-01,32,81.71,34,14,70.82
1136,2024-08-01,32,90.16,25,7,88.66
1137,2024-09-01,32,78.67,19,16,87.42
1138,2024-10-01,32,91.4,37,19,94.74
1139,2024-11-01,32,79.09,19,16,81.14
1140,2024-12-01,32,74.56,37,3,92.34
1141,2025-01-01,32,79.4,34,18,91.16
1142,2025-02-01,32,81.52,8,20,78.08
1143,2025-03-01,32,91.27,30,18,71.91
1144,2025-04-01,32,77.58,33,8,74.64
1145,2025-05-01,32,78.92,32,10,94.94
1146,2025-06-01,32,80.98,39,19,81.78
1147,2025-07-01,32,73.92,41,19,76.99
1148,2025-08-01,32,96.5,7,7,71.59
1149,2025-09-01,32,88.35,12,9,93.84
1150,2025-10-01,32,85.8,36,5,97.63
1151,2025-11-01,32,86.05,30,5,89.04
1152,2025-12-01,32,89.53,6,4,85.95
1153,2023-01-01,33,75.99,47,12,77.87
1154,2023-02-01,33,72.32,7,2,77.3
1155,2023-03-01,33,81.01,24,6,95.75
1156,2023-04-01,33,79.32,48,16,70.23
1157,2023-05-01,33,93.21,15,4,84.64
1158,2023-06-01,33,74.32,29,6,98.25
1159,2023-07-01,33,96.08,34,5,96.79
1160,2023-08-01,33,89.85,45,18,68.38
1161,2023-09-01,33,81.81,43,13,97.79
1162,2023-10-01,33,74.97,32,8,79.04
1163,2023-11-01,33,88.17,17,2,70.48
1164,2023-12-01,33,94.54,45,8,68.0
1165,2024-01-01,33,72.28,14,5,75.12
1166,2024-02-01,33,88.57,12,13,92.35
1167,2024-03-01,33,79.43,35,1,95.54
1168,2024-04-01,33,90.14,45,18,98.4
1169,2024-05-01,33,84.78,31,20,68.44
1170,2024-06-01,33,94.48,17,11,97.97
1171,2024-07-01,33,74.39,17,19,96.97
1172,2024-08-01,33,85.02,10,6,88.46
1173,2024-09-01,33,86.94,43,1,84.9
1174,2024-10-01,33,92.41,30,12,68.73
1175,2024-11-01,33,76.86,40,6,97.17
1176,2024-12-01,33,90.58,27,16,93.14
1177,2025-01-01,33,92.67,32,16,98.8
1178,2025-02-01,33,83.52,50,13,88.88
1179,2025-03-01,33,74.07,22,16,91.51
1180,2025-04-01,33,89.53,28,13,97.2
1181,2025-05-01,33,75.69,25,7,84.42
1182,2025-06-01,33,88.96,17,10,79.13
1183,2025-07-01,33,95.99,39,1,80.37
1184,2025-08-01,33,93.87,13,5,97.52
1185,2025-09-01,33,83.61,27,1,96.35
1186,2025-10-01,33,93.14,27,5,72.25
1187,2025-11-01,33,82.65,22,11,72.91
1188,2025-12-01,33,90.03,50,18,73.55
1189,2023-01-01,34,78.98,42,16,83.93
1190,2023-02-01,34,84.99,11,22,97.85
1191,2023-03-01,34,93.84,15,14,68.79
1192,2023-04-01,34,82.59,12,21,95.43
1193,2023-05-01,34,81.38,19,4,93.61
1194,2023-06-01,34,86.97,49,15,95.68
1195,2023-07-01,34,82.45,43,4,82.97
1196,2023-08-01,34,92.58,52,2,86.37
1197,2023-09-01,34,92.94,12,16,86.12
1198,2023-10-01,34,92.2,22,7,72.89
1199,2023-11-01,34,79.0,22,1,82.57
1200,2023-12-01,34,86.82,40,10,96.54
1201,2024-01-01,34,88.71,10,4,70.29
1202,2024-02-01,34,93.1,50,6,96.99
1203,2024-03-01,34,78.39,49,22,89.37
1204,2024-04-01,34,74.94,27,17,71.91
1205,2024-05-01,34,83.36,17,17,89.41
1206,2024-06-01,34,91.0,7,7,71.95
1207,2024-07-01,34,74.78,14,20,74.14
1208,2024-08-01,34,87.38,10,11,96.99
1209,2024-09-01,34,72.79,32,15,74.98
1210,2024-10-01,34,81.25,30,3,75.32
1211,2024-11-01,34,77.3,54,7,71.75
1212,2024-12-01,34,72.68,53,9,70.7
1213,2025-01-01,34,85.3,50,6,96.06
1214,2025-02-01,34,81.35,43,19,87.26
1215,2025-03-01,34,86.45,47,21,79.61
1216,2025-04-01,34,77.58,43,4,73.95
1217,2025-05-01,34,86.07,40,11,85.89
1218,2025-06-01,34,77.88,16,1,95.18
1219,2025-07-01,34,93.39,49,3,73.76
1220,2025-08-01,34,94.34,30,21,96.06
1221,2025-09-01,34,80.86,18,19,89.78
1222,2025-10-01,34,77.29,24,16,97.63
1223,2025-11-01,34,91.89,38,3,91.4
1224,2025-12-01,34,96.25,43,7,91.96
1225,2023-01-01,35,77.44,6,12,82.95
1226,2023-02-01,35,88.98,51,17,69.97
1227,2023-03-01,35,80.81,20,1,73.53
1228,2023-04-01,35,83.18,48,9,93.76
1229,2023-05-01,35,84.31,48,7,81.08
1230,2023-06-01,35,81.49,37,1,71.71
1231,2023-07-01,35,76.26,55,17,94.83
1232,2023-08-01,35,73.93,19,16,80.11
1233,2023-09-01,35,91.66,46,18,95.78
1234,2023-10-01,35,75.28,39,8,97.35
1235,2023-11-01,35,85.58,42,23,95.82
1236,2023-12-01,35,90.1,42,6,98.31
1237,2024-01-01,35,83.58,42,12,93.92
1238,2024-02-01,35,74.2,23,6,74.38
1239,2024-03-01,35,76.72,53,12,89.11
1240,2024-04-01,35,81.15,11,13,90.34
1241,2024-05-01,35,80.56,10,6,84.49
1242,2024-06-01,35,95.92,5,21,80.11
1243,2024-07-01,35,85.33,39,18,92.06
1244,2024-08-01,35,74.95,26,6,98.31
1245,2024-09-01,35,90.64,7,22,75.18
1246,2024-10-01,35,81.75,38,1,70.57
1247,2024-11-01,35,84.53,30,8,92.2
1248,2024-12-01,35,92.48,50,20,86.07
1249,2025-01-01,35,90.85,34,16,86.49
1250,2025-02-01,35,73.65,36,21,78.98
1251,2025-03-01,35,75.77,41,23,85.61
1252,2025-04-01,35,80.2,29,1,88.45
1253,2025-05-01,35,92.12,17,14,95.14
1254,2025-06-01,35,89.07,50,17,77.43
1255,2025-07-01,35,96.08,41,10,82.39
1256,2025-08-01,35,78.86,35,5,89.61
1257,2025-09-01,35,83.0,33,6,74.79
1258,2025-10-01,35,87.4,23,6,80.1
1259,2025-11-01,35,96.45,25,21,74.49
1260,2025-12-01,35,87.88,53,21,97.45
1261,2023-01-01,36,93.27,43,14,69.26
1262,2023-02-01,36,75.36,6,1,78.3
1263,2023-03-01,36,79.43,25,16,84.86
1264,2023-04-01,36,93.0,22,2,93.15
1265,2023-05-01,36,88.23,29,1,92.93
1266,2023-06-01,36,95.64,9,7,86.08
1267,2023-07-01,36,94.34,44,13,77.77
1268,2023-08-01,36,91.52,22,8,97.9
1269,2023-09-01,36,89.15,26,9,69.42
1270,2023-10-01,36,87.07,5,4,92.64
1271,2023-11-01,36,74.98,28,1,95.87
1272,2023-12-01,36,82.39,33,7,76.68
1273,2024-01-01,36,83.07,46,10,84.55
1274,2024-02-01,36,93.99,36,19,82.19
1275,2024-03-01,36,82.99,40,3,83.91
1276,2024-04-01,36,72.59,36,4,96.75
1277,2024-05-01,36,89.9,20,11,85.02
1278,2024-06-01,36,92.98,24,10,92.54
1279,2024-07-01,36,75.17,32,4,72.78
1280,2024-08-01,36,87.87,41,9,72.53
1281,2024-09-01,36,94.26,33,12,70.77
1282,2024-10-01,36,74.92,23,8,90.86
1283,2024-11-01,36,91.08,27,10,92.43
1284,2024-12-01,36,75.18,9,18,81.29
1285,2025-01-01,36,74.99,23,9,80.6
1286,2025-02-01,36,91.68,20,9,78.49
1287,2025-03-01,36,91.52,23,9,83.3
1288,2025-04-01,36,83.17,32,9,95.65
1289,2025-05-01,36,77.8,41,9,71.41
1290,2025-06-01,36,90.85,21,8,85.33
1291,2025-07-01,36,89.46,29,12,89.46
1292,2025-08-01,36,87.16,28,1,73.78
1293,2025-09-01,36,81.81,7,17,98.63
1294,2025-10-01,36,76.81,21,4,96.2
1295,2025-11-01,36,96.03,27,10,80.67
1296,2025-12-01,36,95.94,42,15,86.4
1297,2023-01-01,37,95.74,46,17,84.45
1298,2023-02-01,37,77.02,9,17,85.04
1299,2023-03-01,37,88.45,43,12,91.81
1300,2023-04-01,37,86.14,31,4,68.08
1301,2023-05-01,37,73.23,42,8,97.17
1302,2023-06-01,37,91.0,22,16,89.83
1303,2023-07-01,37,72.24,31,15,91.91
1304,2023-08-01,37,93.3,8,17,90.98
1305,2023-09-01,37,79.66,16,15,81.02
1306,2023-10-01,37,84.96,43,8,93.26
1307,2023-11-01,37,80.78,23,2,72.45
1308,2023-12-01,37,92.73,6,10,76.71
1309,2024-01-01,37,96.67,36,10,92.16
1310,2024-02-01,37,83.85,11,18,92.72
1311,2024-03-01,37,76.04,21,18,73.32
1312,2024-04-01,37,78.66,26,18,96.64
1313,2024-05-01,37,84.7,9,4,92.34
1314,2024-06-01,37,87.5,26,18,76.58
1315,2024-07-01,37,75.67,39,18,81.86
1316,2024-08-01,37,81.11,15,15,89.53
1317,2024-09-01,37,74.35,10,3,77.47
1318,2024-10-01,37,77.52,19,12,71.9
1319,2024-11-01,37,91.85,32,16,75.96
1320,2024-12-01,37,78.52,29,16,71.58
1321,2025-01-01,37,96.2,35,8,90.73
1322,2025-02-01,37,93.39,30,8,97.5
1323,2025-03-01,37,86.93,5,15,95.28
1324,2025-04-01,37,74.79,43,4,76.03
1325,2025-05-01,37,79.05,22,2,86.27
1326,2025-06-01,37,86.02,16,19,84.55
1327,2025-07-01,37,89.98,13,9,76.64
1328,2025-08-01,37,76.66,23,8,96.97
1329,2025-09-01,37,88.05,15,9,82.58
1330,2025-10-01,37,76.81,46,18,93.2
1331,2025-11-01,37,76.35,25,6,75.45
1332,2025-12-01,37,87.69,19,14,70.98
1333,2023-01-01,38,77.82,21,5,98.29
1334,2023-02-01,38,91.14,10,8,79.33
1335,2023-03-01,38,74.62,41,2,90.9
1336,2023-04-01,38,89.24,48,2,84.24
1337,2023-05-01,38,90.43,25,17,78.55
1338,2023-06-01,38,91.15,28,6,79.23
1339,2023-07-01,38,73.37,10,9,72.74
1340,2023-08-01,38,90.4,25,19,97.74
1341,2023-09-01,38,79.44,43,8,69.64
1342,2023-10-01,38,88.46,16,12,92.15
1343,2023-11-01,38,76.06,27,11,85.78
1344,2023-12-01,38,95.69,10,18,73.54
1345,2024-01-01,38,91.6,37,16,94.55
1346,2024-02-01,38,90.73,26,4,89.55
1347,2024-03-01,38,79.61,17,11,74.56
1348,2024-04-01,38,78.91,16,3,81.7
1349,2024-05-01,38,85.98,33,14,75.4
1350,2024-06-01,38,90.54,45,21,69.72
1351,2024-07-01,38,83.57,29,5,86.26
1352,2024-08-01,38,75.03,18,20,69.55
1353,2024-09-01,38,87.35,41,5,95.15
1354,2024-10-01,38,86.51,36,1,70.42
1355,2024-11-01,38,94.76,28,7,98.93
1356,2024-12-01,38,77.32,19,20,85.27
1357,2025-01-01,38,90.09,38,21,92.45
1358,2025-02-01,38,91.62,7,1,84.35
1359,2025-03-01,38,73.61,51,6,95.98
1360,2025-04-01,38,90.63,15,14,81.54
1361,2025-05-01,38,84.84,19,11,92.52
1362,2025-06-01,38,87.57,7,3,77.55
1363,2025-07-01,38,92.03,46,11,97.15
1364,2025-08-01,38,85.71,18,2,92.78
1365,2025-09-01,38,87.97,33,3,93.93
1366,2025-10-01,38,91.71,50,14,75.94
1367,2025-11-01,38,74.26,29,5,82.99
1368,2025-12-01,38,84.28,32,14,85.13
1369,2023-01-01,39,74.57,12,7,76.64
1370,2023-02-01,39,92.9,44,1,72.27
1371,2023-03-01,39,73.41,34,6,95.55
1372,2023-04-01,39,79.01,27,8,87.99
1373,2023-05-01,39,92.7,4,2,87.02
1374,2023-06-01,39,82.06,14,13,80.36
1375,2023-07-01,39,84.63,14,10,94.03
1376,2023-08-01,39,84.27,25,7,91.04
1377,2023-09-01,39,90.29,15,3,74.75
1378,2023-10-01,39,75.68,16,5,72.52
1379,2023-11-01,39,90.72,31,12,71.36
1380,2023-12-01,39,93.81,36,14,98.15
1381,2024-01-01,39,90.1,16,15,75.13
1382,2024-02-01,39,78.83,36,2,86.95
1383,2024-03-01,39,95.5,40,13,82.52
1384,2024-04-01,39,75.76,9,3,91.48
1385,2024-05-01,39,84.95,10,8,93.97
1386,2024-06-01,39,81.26,15,13,78.86
1387,2024-07-01,39,96.57,40,17,74.66
1388,2024-08-01,39,84.96,21,15,82.93
1389,2024-09-01,39,74.86,17,17,98.6
1390,2024-10-01,39,89.29,23,3,68.5
1391,2024-11-01,39,73.29,27,12,96.18
1392,2024-12-01,39,76.22,29,16,86.11
1393,2025-01-01,39,90.93,18,11,85.94
1394,2025-02-01,39,82.49,25,15,82.92
1395,2025-03-01,39,72.09,30,18,75.24
1396,2025-04-01,39,92.63,18,16,89.12
1397,2025-05-01,39,89.39,23,7,68.27
1398,2025-06-01,39,81.89,42,12,75.41
1399,2025-07-01,39,93.4,30,1,97.49
1400,2025-08-01,39,86.74,22,9,76.3
1401,2025-09-01,39,92.72,12,9,75.82
1402,2025-10-01,39,74.63,15,15,78.04
1403,2025-11-01,39,85.94,32,10,93.17
1404,2025-12-01,39,92.15,25,8,95.87
1405,2023-01-01,40,93.82,46,17,95.55
1406,2023-02-01,40,79.56,5,4,68.67
1407,2023-03-01,40,76.98,45,2,96.95
1408,2023-04-01,40,74.97,14,17,86.77
1409,2023-05-01,40,95.39,40,17,70.67
1410,2023-06-01,40,72.62,23,19,90.29
1411,2023-07-01,40,90.43,13,19,91.09
1412,2023-08-01,40,94.88,18,10,72.8
1413,2023-09-01,40,90.79,44,19,98.41
1414,2023-10-01,40,86.29,37,12,74.47
1415,2023-11-01,40,72.02,23,18,88.38
1416,2023-12-01,40,88.63,8,14,89.54
1417,2024-01-01,40,90.05,32,2,89.83
1418,2024-02-01,40,73.59,13,15,69.89
1419,2024-03-01,40,95.53,7,1,74.2
1420,2024-04-01,40,78.38,30,8,74.2
1421,2024-05-01,40,86.29,9,9,75.43
1422,2024-06-01,40,94.66,41,7,69.27
1423,2024-07-01,40,83.47,11,10,77.36
1424,2024-08-01,40,95.64,32,18,73.92
1425,2024-09-01,40,83.59,13,16,85.44
1426,2024-10-01,40,96.61,44,17,77.03
1427,2024-11-01,40,91.42,49,18,96.79
1428,2024-12-01,40,85.32,11,8,74.63
1429,2025-01-01,40,93.18,41,6,94.37
1430,2025-02-01,40,76.9,43,9,95.1
1431,2025-03-01,40,93.32,4,4,92.34
1432,2025-04-01,40,85.6,26,3,94.65
1433,2025-05-01,40,75.94,40,8,82.01
1434,2025-06-01,40,78.08,27,9,81.97
1435,2025-07-01,40,78.99,44,19,89.46
1436,2025-08-01,40,82.87,16,13,91.89
1437,2025-09-01,40,76.25,35,15,70.64
1438,2025-10-01,40,92.08,20,17,80.49
1439,2025-11-01,40,88.92,4,8,89.79
1440,2025-12-01,40,95.57,19,6,96.41
1441,2023-01-01,41,81.26,8,3,75.0
1442,2023-02-01,41,94.73,13,1,93.8
1443,2023-03-01,41,95.74,17,2,93.48
1444,2023-04-01,41,84.16,15,7,83.47
1445,2023-05-01,41,83.76,28,10,71.51
1446,2023-06-01,41,84.47,11,14,78.13
1447,2023-07-01,41,75.76,38,7,92.96
1448,2023-08-01,41,82.37,26,14,80.77
1449,2023-09-01,41,80.63,44,10,89.54
1450,2023-10-01,41,96.04,5,1,85.39
1451,2023-11-01,41,74.05,3,16,74.36
1452,2023-12-01,41,84.68,5,2,88.55
1453,2024-01-01,41,83.11,20,11,81.5
1454,2024-02-01,41,72.05,17,8,86.35
1455,2024-03-01,41,76.47,32,16,82.5
1456,2024-04-01,41,76.81,11,11,95.97
1457,2024-05-01,41,77.82,6,1,79.41
1458,2024-06-01,41,75.97,43,3,97.92
1459,2024-07-01,41,81.48,15,14,87.12
1460,2024-08-01,41,91.63,5,17,69.06
1461,2024-09-01,41,95.85,17,4,86.49
1462,2024-10-01,41,81.0,42,17,81.53
1463,2024-11-01,41,78.63,43,17,93.45
1464,2024-12-01,41,92.97,30,12,94.48
1465,2025-01-01,41,76.64,24,2,86.3
1466,2025-02-01,41,92.67,22,4,90.83
1467,2025-03-01,41,89.77,13,8,89.79
1468,2025-04-01,41,82.07,19,3,93.36
1469,2025-05-01,41,86.0,34,7,81.86
1470,2025-06-01,41,88.1,34,1,83.76
1471,2025-07-01,41,85.83,27,9,82.97
1472,2025-08-01,41,95.57,17,13,90.65
1473,2025-09-01,41,78.25,32,3,97.08
1474,2025-10-01,41,95.3,7,18,79.97
1475,2025-11-01,41,77.13,32,7,74.49
1476,2025-12-01,41,92.97,39,9,96.44
1477,2023-01-01,42,92.27,36,17,91.0
1478,2023-02-01,42,77.77,43,3,68.21
1479,2023-03-01,42,80.67,40,12,97.15
1480,2023-04-01,42,91.91,16,9,92.54
1481,2023-05-01,42,91.12,20,7,72.37
1482,2023-06-01,42,86.1,7,9,89.61
1483,2023-07-01,42,78.03,10,13,87.79
1484,2023-08-01,42,78.31,41,13,93.41
1485,2023-09-01,42,74.75,42,13,81.8
1486,2023-10-01,42,83.18,37,16,81.64
1487,2023-11-01,42,87.87,16,13,82.83
1488,2023-12-01,42,87.11,23,10,93.02
1489,2024-01-01,42,74.73,18,4,74.18
1490,2024-02-01,42,88.48,18,4,76.21
1491,2024-03-01,42,85.79,32,14,84.58
1492,2024-04-01,42,78.63,26,14,71.38
1493,2024-05-01,42,83.34,41,6,75.44
1494,2024-06-01,42,92.71,33,8,94.65
1495,2024-07-01,42,81.89,28,1,89.75
1496,2024-08-01,42,94.39,8,1,77.5
1497,2024-09-01,42,91.27,42,10,71.67
1498,2024-10-01,42,72.04,10,12,71.75
1499,2024-11-01,42,83.02,12,9,74.32
1500,2024-12-01,42,77.76,36,0,81.68
1501,2025-01-01,42,79.98,5,4,96.1
1502,2025-02-01,42,79.56,44,5,81.16
1503,2025-03-01,42,85.9,39,9,82.46
1504,2025-04-01,42,73.53,44,16,81.66
1505,2025-05-01,42,88.84,4,1,81.07
1506,2025-06-01,42,89.0,38,18,75.91
1507,2025-07-01,42,75.95,12,14,72.62
1508,2025-08-01,42,76.05,21,11,68.33
1509,2025-09-01,42,91.71,34,1,73.3
1510,2025-10-01,42,82.13,30,14,84.69
1511,2025-11-01,42,89.74,7,1,79.5
1512,2025-12-01,42,82.56,45,8,90.9
1513,2023-01-01,43,91.84,19,7,97.88
1514,2023-02-01,43,91.74,34,12,93.98
1515,2023-03-01,43,79.03,11,16,95.13
1516,2023-04-01,43,87.21,32,9,76.7
1517,2023-05-01,43,88.44,19,8,87.34
1518,2023-06-01,43,75.22,5,9,76.45
1519,2023-07-01,43,94.38,21,14,96.31
1520,2023-08-01,43,82.17,26,17,86.13
1521,2023-09-01,43,76.96,38,2,70.35
1522,2023-10-01,43,81.55,41,2,72.1
1523,2023-11-01,43,94.57,12,3,82.51
1524,2023-12-01,43,80.06,42,12,74.76
1525,2024-01-01,43,94.86,5,5,89.78
1526,2024-02-01,43,90.39,6,17,78.59
1527,2024-03-01,43,92.57,38,7,95.61
1528,2024-04-01,43,82.79,44,9,85.62
1529,2024-05-01,43,82.07,25,12,73.58
1530,2024-06-01,43,87.28,25,5,78.42
1531,2024-07-01,43,77.38,10,5,86.27
1532,2024-08-01,43,81.95,44,8,74.46
1533,2024-09-01,43,73.77,4,14,70.54
1534,2024-10-01,43,80.27,30,16,93.6
1535,2024-11-01,43,83.06,23,5,75.31
1536,2024-12-01,43,96.83,6,4,76.67
1537,2025-01-01,43,94.58,36,5,68.58
1538,2025-02-01,43,82.8,8,2,69.41
1539,2025-03-01,43,92.85,25,2,94.27
1540,2025-04-01,43,76.86,18,5,91.22
1541,2025-05-01,43,83.8,16,11,81.4
1542,2025-06-01,43,93.77,29,10,84.88
1543,2025-07-01,43,96.21,12,6,83.56
1544,2025-08-01,43,89.35,31,6,72.37
1545,2025-09-01,43,96.52,14,17,70.36
1546,2025-10-01,43,81.93,41,1,71.67
1547,2025-11-01,43,85.46,12,14,72.17
1548,2025-12-01,43,94.44,29,17,75.89
1549,2023-01-01,44,83.84,23,15,98.39
1550,2023-02-01,44,73.56,28,15,79.8
1551,2023-03-01,44,95.89,15,4,91.34
1552,2023-04-01,44,82.03,45,3,98.35
1553,2023-05-01,44,83.8,38,8,82.12
1554,2023-06-01,44,83.61,36,3,78.78
1555,2023-07-01,44,82.0,31,16,75.89
1556,2023-08-01,44,88.27,7,16,98.05
1557,2023-09-01,44,93.13,38,16,68.63
1558,2023-10-01,44,96.48,38,8,82.65
1559,2023-11-01,44,80.77,14,15,81.76
1560,2023-12-01,44,89.94,37,6,78.8
1561,2024-01-01,44,92.15,12,5,89.58
1562,2024-02-01,44,76.85,16,14,78.49
1563,2024-03-01,44,72.21,34,7,85.09
1564,2024-04-01,44,79.7,40,18,80.5
1565,2024-05-01,44,95.39,34,15,95.6
1566,2024-06-01,44,86.3,40,15,76.85
1567,2024-07-01,44,93.47,13,6,81.26
1568,2024-08-01,44,73.05,4,18,79.86
1569,2024-09-01,44,95.62,36,2,80.61
1570,2024-10-01,44,83.04,44,1,97.79
1571,2024-11-01,44,72.69,30,10,74.19
1572,2024-12-01,44,74.47,31,17,72.75
1573,2025-01-01,44,88.79,18,2,95.83
1574,2025-02-01,44,95.24,22,3,92.28
1575,2025-03-01,44,82.43,36,13,68.26
1576,2025-04-01,44,74.31,37,11,78.76
1577,2025-05-01,44,89.05,35,1,82.62
1578,2025-06-01,44,80.17,6,6,96.76
1579,2025-07-01,44,76.33,8,8,73.2
1580,2025-08-01,44,81.59,24,2,86.99
1581,2025-09-01,44,74.22,28,1,88.19
1582,2025-10-01,44,84.6,26,10,69.91
1583,2025-11-01,44,95.67,11,8,93.62
1584,2025-12-01,44,86.78,6,5,71.01
1585,2023-01-01,45,94.38,44,21,86.71
1586,2023-02-01,45,75.11,6,15,72.19
1587,2023-03-01,45,78.57,22,19,76.84
1588,2023-04-01,45,85.39,32,6,84.76
1589,2023-05-01,45,85.91,33,9,83.38
1590,2023-06-01,45,92.37,46,17,82.38
1591,2023-07-01,45,90.07,40,10,95.07
1592,2023-08-01,45,81.19,18,1,85.01
1593,2023-09-01,45,72.37,52,15,94.15
1594,2023-10-01,45,88.77,35,21,77.18
1595,2023-11-01,45,82.5,8,21,68.55
1596,2023-12-01,45,72.31,7,10,84.81
1597,2024-01-01,45,93.02,5,21,81.61
1598,2024-02-01,45,88.74,23,16,78.33
1599,2024-03-01,45,92.38,25,2,85.06
1600,2024-04-01,45,89.65,35,1,85.4
1601,2024-05-01,45,90.44,14,1,96.1
1602,2024-06-01,45,85.32,15,2,90.21
1603,2024-07-01,45,79.62,16,10,70.1
1604,2024-08-01,45,76.12,39,22,93.06
1605,2024-09-01,45,92.4,23,20,77.67
1606,2024-10-01,45,88.49,25,18,92.29
1607,2024-11-01,45,78.93,50,17,83.85
1608,2024-12-01,45,96.84,37,5,85.66
1609,2025-01-01,45,86.47,20,3,90.05
1610,2025-02-01,45,86.97,34,17,95.72
1611,2025-03-01,45,77.91,13,18,98.93
1612,2025-04-01,45,92.91,19,15,98.74
1613,2025-05-01,45,72.62,33,13,70.85
1614,2025-06-01,45,74.94,4,20,78.74
1615,2025-07-01,45,84.44,37,1,86.52
1616,2025-08-01,45,80.1,11,5,90.78
1617,2025-09-01,45,73.05,7,8,85.13
1618,2025-10-01,45,83.8,19,15,79.48
1619,2025-11-01,45,88.09,35,6,92.64
1620,2025-12-01,45,82.76,41,2,92.4
1621,2023-01-01,46,92.34,6,3,97.54
1622,2023-02-01,46,78.67,9,8,71.58
1623,2023-03-01,46,87.1,8,17,98.94
1624,2023-04-01,46,79.61,12,9,96.74
1625,2023-05-01,46,92.3,7,3,96.15
1626,2023-06-01,46,92.15,13,8,74.62
1627,2023-07-01,46,94.47,42,16,81.7
1628,2023-08-01,46,94.25,38,17,73.11
1629,2023-09-01,46,77.5,16,14,84.48
1630,2023-10-01,46,77.87,25,8,82.86
1631,2023-11-01,46,92.51,36,8,86.45
1632,2023-12-01,46,82.17,14,11,84.48
1633,2024-01-01,46,89.04,9,7,69.24
1634,2024-02-01,46,88.33,35,9,70.99
1635,2024-03-01,46,74.66,7,8,73.09
1636,2024-04-01,46,82.86,28,12,86.93
1637,2024-05-01,46,80.76,22,11,75.02
1638,2024-06-01,46,96.98,43,16,79.09
1639,2024-07-01,46,89.39,35,5,95.8
1640,2024-08-01,46,95.1,6,4,72.01
1641,2024-09-01,46,72.16,41,4,92.13
1642,2024-10-01,46,91.38,6,16,87.02
1643,2024-11-01,46,92.1,37,8,91.68
1644,2024-12-01,46,73.25,17,6,91.38
1645,2025-01-01,46,80.77,32,12,72.96
1646,2025-02-01,46,86.67,38,2,95.06
1647,2025-03-01,46,78.79,4,8,90.11
1648,2025-04-01,46,89.55,25,3,90.62
1649,2025-05-01,46,83.34,43,11,80.09
1650,2025-06-01,46,73.29,9,4,97.59
1651,2025-07-01,46,74.98,21,6,90.91
1652,2025-08-01,46,74.42,33,17,94.41
1653,2025-09-01,46,96.66,40,14,70.97
1654,2025-10-01,46,95.59,39,17,87.29
1655,2025-11-01,46,81.6,33,3,90.63
1656,2025-12-01,46,95.52,14,13,78.54
1657,2023-01-01,47,77.45,29,1,97.4
1658,2023-02-01,47,75.0,23,16,82.59
1659,2023-03-01,47,93.78,25,14,76.57
1660,2023-04-01,47,78.32,31,12,85.64
1661,2023-05-01,47,93.9,38,11,71.85
1662,2023-06-01,47,92.76,35,16,92.16
1663,2023-07-01,47,74.84,4,12,87.14
1664,2023-08-01,47,96.22,15,5,80.74
1665,2023-09-01,47,87.28,5,1,98.53
1666,2023-10-01,47,72.9,22,3,83.48
1667,2023-11-01,47,79.91,31,15,83.96
1668,2023-12-01,47,88.98,44,3,75.42
1669,2024-01-01,47,74.93,24,9,97.14
1670,2024-02-01,47,78.9,15,13,68.86
1671,2024-03-01,47,87.25,19,2,86.37
1672,2024-04-01,47,81.66,44,17,93.3
1673,2024-05-01,47,72.23,30,16,86.81
1674,2024-06-01,47,85.27,20,15,79.22
1675,2024-07-01,47,90.34,19,17,74.4
1676,2024-08-01,47,91.97,13,11,77.2
1677,2024-09-01,47,89.31,21,18,80.48
1678,2024-10-01,47,81.94,28,17,94.15
1679,2024-11-01,47,84.0,45,8,78.36
1680,2024-12-01,47,93.24,11,8,84.21
1681,2025-01-01,47,93.25,33,14,89.76
1682,2025-02-01,47,83.7,20,10,84.84
1683,2025-03-01,47,90.01,39,1,75.52
1684,2025-04-01,47,82.84,31,15,73.29
1685,2025-05-01,47,83.52,34,11,71.44
1686,2025-06-01,47,91.42,10,6,69.81
1687,2025-07-01,47,80.4,5,13,72.07
1688,2025-08-01,47,76.96,40,8,78.3
1689,2025-09-01,47,82.1,20,16,76.4
1690,2025-10-01,47,73.85,15,2,71.32
1691,2025-11-01,47,78.91,24,17,97.56
1692,2025-12-01,47,95.39,13,3,71.35
1693,2023-01-01,48,88.1,8,12,69.32
1694,2023-02-01,48,75.5,13,16,72.06
1695,2023-03-01,48,93.18,18,8,76.82
1696,2023-04-01,48,88.54,43,17,89.28
1697,2023-05-01,48,72.08,6,9,72.06
1698,2023-06-01,48,73.28,45,8,81.71
1699,2023-07-01,48,74.72,39,12,74.14
1700,2023-08-01,48,84.35,22,9,95.32
1701,2023-09-01,48,96.62,11,4,96.49
1702,2023-10-01,48,72.23,9,2,86.81
1703,2023-11-01,48,88.51,42,9,75.8
1704,2023-12-01,48,86.53,47,8,76.58
1705,2024-01-01,48,88.18,18,12,71.47
1706,2024-02-01,48,78.22,7,15,74.66
1707,2024-03-01,48,77.45,33,7,75.92
1708,2024-04-01,48,89.52,24,11,82.19
1709,2024-05-01,48,88.27,47,14,89.27
1710,2024-06-01,48,76.85,40,12,86.29
1711,2024-07-01,48,83.31,38,8,71.72
1712,2024-08-01,48,85.67,13,16,79.66
1713,2024-09-01,48,75.64,45,8,98.84
1714,2024-10-01,48,84.61,42,18,80.41
1715,2024-11-01,48,75.01,42,5,81.7
1716,2024-12-01,48,84.87,34,19,90.09
1717,2025-01-01,48,95.16,42,1,86.58
1718,2025-02-01,48,94.4,23,1,71.58
1719,2025-03-01,48,88.19,15,1,76.44
1720,2025-04-01,48,93.74,38,12,89.49
1721,2025-05-01,48,72.49,24,20,93.81
1722,2025-06-01,48,94.08,30,2,91.03
1723,2025-07-01,48,76.27,24,7,79.71
1724,2025-08-01,48,86.96,8,20,84.87
1725,2025-09-01,48,75.01,37,2,75.51
1726,2025-10-01,48,79.56,36,17,86.08
1727,2025-11-01,48,95.94,43,14,86.98
1728,2025-12-01,48,89.65,10,20,90.95
1729,2023-01-01,49,74.75,24,9,94.94
1730,2023-02-01,49,75.47,34,8,74.7
1731,2023-03-01,49,80.14,29,18,82.4
1732,2023-04-01,49,87.13,16,17,68.62
1733,2023-05-01,49,82.37,52,2,79.74
1734,2023-06-01,49,90.55,47,3,83.94
1735,2023-07-01,49,81.25,49,1,94.2
1736,2023-08-01,49,88.78,19,6,82.21
1737,2023-09-01,49,76.55,8,5,72.98
1738,2023-10-01,49,84.19,29,10,81.79
1739,2023-11-01,49,94.94,4,16,81.88
1740,2023-12-01,49,80.44,8,21,93.19
1741,2024-01-01,49,91.02,21,6,82.68
1742,2024-02-01,49,84.53,49,2,81.68
1743,2024-03-01,49,74.6,31,16,95.41
1744,2024-04-01,49,72.44,24,8,78.68
1745,2024-05-01,49,92.55,46,18,82.62
1746,2024-06-01,49,90.21,34,20,74.47
1747,2024-07-01,49,85.03,11,19,92.78
1748,2024-08-01,49,90.65,26,3,70.53
1749,2024-09-01,49,72.32,40,9,98.67
1750,2024-10-01,49,80.92,48,17,74.42
1751,2024-11-01,49,90.67,22,9,72.97
1752,2024-12-01,49,80.7,43,7,78.4
1753,2025-01-01,49,76.29,16,17,75.19
1754,2025-02-01,49,90.49,8,3,98.02
1755,2025-03-01,49,88.08,13,18,84.46
1756,2025-04-01,49,80.49,4,6,83.26
1757,2025-05-01,49,78.0,52,17,71.03
1758,2025-06-01,49,90.67,13,5,81.97
1759,2025-07-01,49,87.21,14,16,68.63
1760,2025-08-01,49,76.47,52,11,68.14
1761,2025-09-01,49,83.45,44,18,80.13
1762,2025-10-01,49,83.46,43,6,74.76
1763,2025-11-01,49,80.2,46,17,79.89
1764,2025-12-01,49,75.29,28,8,83.37
1765,2023-01-01,50,95.5,29,18,82.62
1766,2023-02-01,50,95.27,47,1,83.53
1767,2023-03-01,50,86.54,4,9,81.07
1768,2023-04-01,50,89.11,43,15,81.46
1769,2023-05-01,50,83.95,33,17,80.06
1770,2023-06-01,50,86.74,29,16,85.04
1771,2023-07-01,50,74.7,31,7,75.56
1772,2023-08-01,50,87.26,34,19,72.3
1773,2023-09-01,50,94.94,36,20,76.3
1774,2023-10-01,50,84.11,30,15,70.37
1775,2023-11-01,50,86.02,32,3,93.87
1776,2023-12-01,50,89.45,21,13,80.27
1777,2024-01-01,50,95.36,37,5,95.5
1778,2024-02-01,50,83.04,9,1,94.44
1779,2024-03-01,50,73.65,8,16,69.07
1780,2024-04-01,50,86.7,11,8,83.87
1781,2024-05-01,50,75.71,33,7,76.72
1782,2024-06-01,50,76.47,38,4,85.11
1783,2024-07-01,50,85.15,19,19,90.78
1784,2024-08-01,50,83.4,30,9,72.71
1785,2024-09-01,50,77.29,46,9,88.94
1786,2024-10-01,50,92.83,31,3,95.16
1787,2024-11-01,50,88.16,10,14,89.47
1788,2024-12-01,50,85.29,34,4,73.61
1789,2025-01-01,50,90.98,44,20,81.48
1790,2025-02-01,50,96.24,39,5,83.43
1791,2025-03-01,50,85.16,9,4,82.12
1792,2025-04-01,50,84.07,28,16,93.43
1793,2025-05-01,50,95.04,47,15,72.63
1794,2025-06-01,50,95.44,44,19,93.36
1795,2025-07-01,50,91.22,8,11,94.0
1796,2025-08-01,50,76.88,37,9,84.69
1797,2025-09-01,50,84.85,5,11,68.52
1798,2025-10-01,50,77.6,44,4,74.5
1799,2025-11-01,50,78.05,5,8,80.38
1800,2025-12-01,50,79.53,24,4,77.83
1801,2023-01-01,51,86.06,29,17,79.53
1802,2023-02-01,51,81.96,20,15,71.77
1803,2023-03-01,51,94.53,10,11,93.5
1804,2023-04-01,51,77.46,5,15,93.73
1805,2023-05-01,51,88.35,34,15,85.34
1806,2023-06-01,51,95.24,41,14,83.93
1807,2023-07-01,51,86.77,8,4,96.35
1808,2023-08-01,51,93.48,32,6,89.61
1809,2023-09-01,51,79.07,41,15,98.83
1810,2023-10-01,51,89.68,9,13,71.7
1811,2023-11-01,51,94.93,33,14,92.41
1812,2023-12-01,51,95.59,33,15,95.07
1813,2024-01-01,51,94.03,23,14,83.09
1814,2024-02-01,51,89.44,4,3,73.37
1815,2024-03-01,51,91.45,40,1,96.76
1816,2024-04-01,51,73.49,36,16,87.7
1817,2024-05-01,51,90.72,26,3,78.32
1818,2024-06-01,51,83.68,16,6,69.98
1819,2024-07-01,51,88.09,41,13,79.1
1820,2024-08-01,51,96.53,28,8,79.65
1821,2024-09-01,51,92.2,9,6,98.9
1822,2024-10-01,51,90.8,6,10,74.29
1823,2024-11-01,51,84.17,7,16,91.56
1824,2024-12-01,51,82.44,40,13,77.35
1825,2025-01-01,51,85.39,45,5,75.54
1826,2025-02-01,51,80.57,10,10,91.93
1827,2025-03-01,51,82.55,35,18,80.95
1828,2025-04-01,51,92.15,13,12,73.7
1829,2025-05-01,51,93.43,32,6,77.72
1830,2025-06-01,51,93.73,9,9,94.94
1831,2025-07-01,51,75.45,38,9,69.28
1832,2025-08-01,51,91.38,15,13,81.95
1833,2025-09-01,51,90.19,4,10,86.98
1834,2025-10-01,51,88.69,11,11,90.66
1835,2025-11-01,51,89.68,15,13,91.2
1836,2025-12-01,51,78.71,39,17,88.28
1837,2023-01-01,52,91.83,44,7,69.5
1838,2023-02-01,52,89.77,44,18,83.14
1839,2023-03-01,52,94.97,32,11,68.26
1840,2023-04-01,52,80.48,32,8,86.15
1841,2023-05-01,52,83.52,28,15,79.59
1842,2023-06-01,52,96.35,12,1,84.43
1843,2023-07-01,52,87.34,17,4,79.63
1844,2023-08-01,52,84.88,36,3,85.93
1845,2023-09-01,52,86.9,7,5,68.64
1846,2023-10-01,52,93.22,13,1,74.22
1847,2023-11-01,52,90.11,31,8,88.23
1848,2023-12-01,52,88.47,15,8,77.5
1849,2024-01-01,52,87.84,6,11,82.29
1850,2024-02-01,52,83.62,43,18,73.2
1851,2024-03-01,52,73.24,6,17,69.4
1852,2024-04-01,52,92.61,12,7,97.74
1853,2024-05-01,52,88.75,33,5,86.78
1854,2024-06-01,52,85.35,30,9,86.46
1855,2024-07-01,52,76.39,11,4,82.91
1856,2024-08-01,52,80.28,37,17,70.94
1857,2024-09-01,52,85.63,15,11,96.85
1858,2024-10-01,52,88.56,28,4,73.44
1859,2024-11-01,52,89.2,8,18,98.17
1860,2024-12-01,52,78.1,40,9,68.62
1861,2025-01-01,52,91.51,42,9,82.46
1862,2025-02-01,52,90.63,34,1,91.6
1863,2025-03-01,52,84.7,43,11,85.88
1864,2025-04-01,52,84.38,34,10,95.14
1865,2025-05-01,52,79.14,31,6,78.85
1866,2025-06-01,52,74.99,11,12,94.5
1867,2025-07-01,52,84.11,43,13,92.41
1868,2025-08-01,52,72.18,34,3,76.23
1869,2025-09-01,52,76.29,43,13,80.64
1870,2025-10-01,52,79.6,27,18,78.83
1871,2025-11-01,52,90.67,20,9,77.8
1872,2025-12-01,52,78.24,4,4,92.92
1873,2023-01-01,53,85.46,46,7,87.14
1874,2023-02-01,53,73.73,49,11,69.23
1875,2023-03-01,53,77.61,45,1,94.04
1876,2023-04-01,53,81.01,42,4,71.46
1877,2023-05-01,53,77.62,15,2,85.85
1878,2023-06-01,53,76.06,13,9,71.74
1879,2023-07-01,53,93.95,12,11,69.92
1880,2023-08-01,53,95.62,35,20,68.38
1881,2023-09-01,53,72.02,12,2,93.25
1882,2023-10-01,53,94.01,18,14,79.72
1883,2023-11-01,53,72.57,35,14,94.13
1884,2023-12-01,53,72.07,30,14,86.66
1885,2024-01-01,53,80.66,18,10,76.38
1886,2024-02-01,53,73.35,6,19,68.53
1887,2024-03-01,53,82.84,30,5,73.97
1888,2024-04-01,53,75.45,33,15,74.97
1889,2024-05-01,53,78.2,39,8,96.51
1890,2024-06-01,53,90.34,39,8,93.79
1891,2024-07-01,53,95.92,33,7,75.26
1892,2024-08-01,53,78.48,13,17,75.66
1893,2024-09-01,53,88.52,17,13,86.36
1894,2024-10-01,53,94.54,36,16,68.32
1895,2024-11-01,53,81.03,20,3,97.73
1896,2024-12-01,53,91.13,4,5,79.28
1897,2025-01-01,53,82.17,7,20,71.51
1898,2025-02-01,53,90.93,33,14,84.62
1899,2025-03-01,53,83.52,9,1,92.09
1900,2025-04-01,53,90.67,34,7,89.36
1901,2025-05-01,53,88.87,19,13,86.92
1902,2025-06-01,53,88.71,12,8,77.58
1903,2025-07-01,53,90.83,30,13,72.06
1904,2025-08-01,53,74.64,30,11,85.37
1905,2025-09-01,53,96.43,20,12,89.56
1906,2025-10-01,53,96.92,6,11,82.49
1907,2025-11-01,53,81.57,10,14,82.66
1908,2025-12-01,53,92.08,42,15,73.42
1909,2023-01-01,54,77.26,25,8,87.27
1910,2023-02-01,54,75.41,38,7,89.78
1911,2023-03-01,54,95.68,7,14,91.93
1912,2023-04-01,54,89.32,26,14,97.88
1913,2023-05-01,54,95.83,4,13,94.3
1914,2023-06-01,54,77.66,37,14,78.54
1915,2023-07-01,54,91.9,14,19,89.93
1916,2023-08-01,54,88.65,19,17,72.81
1917,2023-09-01,54,74.88,39,10,85.94
1918,2023-10-01,54,81.95,20,19,76.93
1919,2023-11-01,54,82.06,46,2,93.75
1920,2023-12-01,54,93.76,40,13,70.75
1921,2024-01-01,54,73.86,31,11,72.27
1922,2024-02-01,54,74.08,34,13,83.02
1923,2024-03-01,54,82.22,9,19,85.22
1924,2024-04-01,54,86.42,35,1,93.07
1925,2024-05-01,54,94.85,21,15,97.99
1926,2024-06-01,54,74.08,34,11,74.73
1927,2024-07-01,54,80.61,41,2,80.74
1928,2024-08-01,54,77.63,11,18,92.5
1929,2024-09-01,54,77.38,36,8,94.72
1930,2024-10-01,54,72.56,30,16,96.14
1931,2024-11-01,54,89.1,29,13,85.15
1932,2024-12-01,54,85.71,45,1,76.98
1933,2025-01-01,54,72.77,7,19,70.81
1934,2025-02-01,54,73.43,15,19,81.89
1935,2025-03-01,54,72.92,27,10,80.3
1936,2025-04-01,54,77.85,5,4,77.94
1937,2025-05-01,54,75.79,45,19,90.86
1938,2025-06-01,54,83.25,28,9,97.06
1939,2025-07-01,54,83.29,42,10,75.06
1940,2025-08-01,54,92.61,42,8,92.51
1941,2025-09-01,54,84.66,8,5,78.1
1942,2025-10-01,54,82.14,29,19,90.07
1943,2025-11-01,54,84.89,47,11,96.29
1944,2025-12-01,54,94.15,23,17,82.75
1945,2023-01-01,55,94.71,49,8,76.67
1946,2023-02-01,55,86.51,28,10,74.88
1947,2023-03-01,55,90.13,43,13,92.9
1948,2023-04-01,55,96.68,24,2,68.96
1949,2023-05-01,55,85.14,45,20,72.05
1950,2023-06-01,55,77.91,25,6,86.48
1951,2023-07-01,55,82.74,22,4,76.2
1952,2023-08-01,55,89.37,19,15,78.09
1953,2023-09-01,55,95.14,25,22,79.35
1954,2023-10-01,55,92.5,38,19,74.95
1955,2023-11-01,55,78.0,19,21,74.14
1956,2023-12-01,55,86.52,41,11,76.42
1957,2024-01-01,55,83.4,45,9,73.17
1958,2024-02-01,55,91.53,22,22,95.85
1959,2024-03-01,55,96.73,46,11,97.9
1960,2024-04-01,55,74.98,45,8,89.29
1961,2024-05-01,55,84.18,32,14,83.88
1962,2024-06-01,55,82.35,30,18,84.31
1963,2024-07-01,55,89.62,11,2,78.08
1964,2024-08-01,55,81.95,46,20,97.81
1965,2024-09-01,55,91.5,8,11,87.58
1966,2024-10-01,55,91.06,12,8,75.22
1967,2024-11-01,55,77.1,48,12,80.36
1968,2024-12-01,55,84.94,25,4,96.08
1969,2025-01-01,55,86.53,21,9,79.27
1970,2025-02-01,55,96.65,20,19,97.75
1971,2025-03-01,55,72.4,37,18,74.15
1972,2025-04-01,55,88.16,49,5,75.32
1973,2025-05-01,55,72.0,47,5,69.08
1974,2025-06-01,55,82.44,26,9,89.32
1975,2025-07-01,55,94.26,50,2,91.63
1976,2025-08-01,55,85.25,53,20,97.42
1977,2025-09-01,55,90.36,19,6,76.03
1978,2025-10-01,55,80.52,41,20,98.5
1979,2025-11-01,55,83.03,49,22,78.14
1980,2025-12-01,55,75.13,25,1,78.41
1981,2023-01-01,56,88.31,32,15,94.33
1982,2023-02-01,56,80.51,32,10,77.26
1983,2023-03-01,56,74.72,8,1,83.74
1984,2023-04-01,56,84.64,16,8,84.06
1985,2023-05-01,56,75.97,22,8,93.39
1986,2023-06-01,56,95.74,34,6,77.33
1987,2023-07-01,56,83.33,13,9,69.48
1988,2023-08-01,56,83.98,33,17,86.99
1989,2023-09-01,56,87.05,11,16,90.78
1990,2023-10-01,56,91.38,7,1,97.59
1991,2023-11-01,56,74.08,24,15,93.75
1992,2023-12-01,56,87.33,29,2,77.09
1993,2024-01-01,56,83.64,4,14,81.57
1994,2024-02-01,56,92.33,27,15,79.8
1995,2024-03-01,56,80.95,26,0,69.9
1996,2024-04-01,56,89.87,8,5,70.78
1997,2024-05-01,56,92.57,38,6,87.23
1998,2024-06-01,56,91.54,3,14,73.0
1999,2024-07-01,56,96.7,42,15,80.04
2000,2024-08-01,56,90.74,17,7,76.72
2001,2024-09-01,56,90.76,38,9,72.67
2002,2024-10-01,56,88.27,17,6,68.89
2003,2024-11-01,56,91.08,20,7,70.09
2004,2024-12-01,56,78.51,21,11,97.23
2005,2025-01-01,56,79.48,35,15,68.77
2006,2025-02-01,56,76.4,35,0,96.2
2007,2025-03-01,56,86.81,22,16,71.25
2008,2025-04-01,56,95.02,15,11,68.57
2009,2025-05-01,56,92.13,35,2,83.38
2010,2025-06-01,56,91.09,17,9,95.06
2011,2025-07-01,56,92.78,22,1,87.21
2012,2025-08-01,56,74.31,27,8,96.3
2013,2025-09-01,56,83.1,40,1,76.13
2014,2025-10-01,56,72.67,20,7,81.19
2015,2025-11-01,56,86.75,8,5,94.69
2016,2025-12-01,56,80.61,24,17,71.04
2017,2023-01-01,57,77.39,14,4,90.91
2018,2023-02-01,57,72.09,35,3,81.8
2019,2023-03-01,57,83.62,12,1,73.95
2020,2023-04-01,57,80.42,27,17,73.11
2021,2023-05-01,57,86.61,46,9,84.2
2022,2023-06-01,57,74.8,20,5,87.96
2023,2023-07-01,57,85.43,11,1,88.98
2024,2023-08-01,57,89.29,35,6,68.96
2025,2023-09-01,57,93.03,31,18,70.38
2026,2023-10-01,57,87.77,13,18,89.35
2027,2023-11-01,57,88.81,19,14,76.28
2028,2023-12-01,57,86.77,22,9,97.21
2029,2024-01-01,57,86.77,25,12,72.41
2030,2024-02-01,57,74.38,44,10,74.59
2031,2024-03-01,57,84.15,10,11,85.8
2032,2024-04-01,57,93.16,38,7,70.7
2033,2024-05-01,57,85.36,35,7,74.33
2034,2024-06-01,57,83.22,14,10,79.34
2035,2024-07-01,57,74.02,8,3,70.67
2036,2024-08-01,57,75.78,10,10,78.03
2037,2024-09-01,57,77.52,20,6,77.9
2038,2024-10-01,57,78.04,41,1,97.96
2039,2024-11-01,57,72.25,22,13,82.19
2040,2024-12-01,57,84.91,45,19,85.55
2041,2025-01-01,57,96.0,19,2,69.21
2042,2025-02-01,57,78.36,20,5,89.45
2043,2025-03-01,57,95.14,33,4,75.58
2044,2025-04-01,57,93.5,22,14,85.54
2045,2025-05-01,57,73.36,9,9,90.63
2046,2025-06-01,57,95.78,27,9,71.17
2047,2025-07-01,57,90.24,39,8,88.94
2048,2025-08-01,57,89.01,35,16,94.1
2049,2025-09-01,57,82.3,32,8,78.08
2050,2025-10-01,57,79.09,6,10,78.74
2051,2025-11-01,57,90.18,42,4,95.55
2052,2025-12-01,57,94.3,16,2,83.85
2053,2023-01-01,58,94.25,18,2,68.24
2054,2023-02-01,58,80.16,14,10,82.08
2055,2023-03-01,58,91.46,44,12,68.55
2056,2023-04-01,58,80.12,13,3,96.63
2057,2023-05-01,58,75.18,20,6,98.78
2058,2023-06-01,58,77.27,12,16,85.58
2059,2023-07-01,58,74.57,29,5,81.24
2060,2023-08-01,58,75.87,36,14,69.31
2061,2023-09-01,58,76.41,37,12,81.62
2062,2023-10-01,58,73.79,30,7,72.54
2063,2023-11-01,58,74.3,10,3,89.69
2064,2023-12-01,58,92.08,43,2,84.19
2065,2024-01-01,58,88.17,12,3,89.63
2066,2024-02-01,58,92.44,7,3,82.4
2067,2024-03-01,58,80.3,11,17,74.8
2068,2024-04-01,58,89.57,39,8,71.63
2069,2024-05-01,58,74.55,30,12,74.71
2070,2024-06-01,58,80.04,9,11,85.91
2071,2024-07-01,58,81.73,36,15,76.36
2072,2024-08-01,58,95.42,5,4,72.26
2073,2024-09-01,58,83.42,10,4,68.78
2074,2024-10-01,58,94.83,20,3,80.88
2075,2024-11-01,58,77.06,31,14,89.14
2076,2024-12-01,58,72.35,31,14,87.24
2077,2025-01-01,58,75.4,19,14,82.75
2078,2025-02-01,58,89.61,38,17,74.35
2079,2025-03-01,58,72.73,31,5,70.89
2080,2025-04-01,58,88.15,43,13,95.0
2081,2025-05-01,58,96.85,30,14,81.3
2082,2025-06-01,58,83.41,10,18,81.11
2083,2025-07-01,58,94.5,30,3,74.74
2084,2025-08-01,58,75.74,21,7,76.6
2085,2025-09-01,58,85.96,27,17,80.3
2086,2025-10-01,58,93.2,15,6,89.52
2087,2025-11-01,58,88.24,29,12,89.89
2088,2025-12-01,58,75.83,12,8,98.65
2089,2023-01-01,59,86.65,37,2,74.43
2090,2023-02-01,59,88.35,35,2,86.75
2091,2023-03-01,59,85.29,31,17,71.41
2092,2023-04-01,59,80.11,14,2,74.22
2093,2023-05-01,59,94.62,43,18,69.19
2094,2023-06-01,59,89.07,16,10,91.86
2095,2023-07-01,59,83.54,13,15,85.44
2096,2023-08-01,59,79.23,18,9,71.6
2097,2023-09-01,59,87.54,12,9,80.63
2098,2023-10-01,59,76.91,23,3,80.48
2099,2023-11-01,59,77.89,13,15,77.08
2100,2023-12-01,59,84.86,7,10,71.0
2101,2024-01-01,59,81.21,36,13,82.01
2102,2024-02-01,59,84.64,14,14,78.44
2103,2024-03-01,59,93.54,46,1,82.14
2104,2024-04-01,59,87.8,34,16,81.06
2105,2024-05-01,59,92.68,11,6,78.62
2106,2024-06-01,59,77.23,14,7,83.81
2107,2024-07-01,59,81.93,29,16,88.88
2108,2024-08-01,59,96.04,21,10,68.89
2109,2024-09-01,59,77.45,16,7,81.78
2110,2024-10-01,59,91.42,20,10,76.41
2111,2024-11-01,59,87.64,16,14,91.87
2112,2024-12-01,59,93.96,11,9,92.73
2113,2025-01-01,59,94.89,34,1,95.83
2114,2025-02-01,59,75.22,29,9,88.54
2115,2025-03-01,59,72.55,23,9,95.77
2116,2025-04-01,59,93.46,18,8,71.61
2117,2025-05-01,59,94.58,35,15,97.41
2118,2025-06-01,59,89.34,44,19,81.83
2119,2025-07-01,59,87.92,16,9,75.46
2120,2025-08-01,59,84.73,8,1,69.73
2121,2025-09-01,59,87.98,40,11,96.99
2122,2025-10-01,59,92.62,35,6,87.45
2123,2025-11-01,59,92.83,37,6,88.1
2124,2025-12-01,59,89.32,25,9,86.87
2125,2023-01-01,60,83.22,34,14,70.35
2126,2023-02-01,60,93.11,43,6,85.71
2127,2023-03-01,60,74.71,5,16,80.85
2128,2023-04-01,60,90.36,10,18,86.8
2129,2023-05-01,60,77.71,23,6,92.13
2130,2023-06-01,60,96.99,40,4,85.2
2131,2023-07-01,60,73.79,34,16,91.39
2132,2023-08-01,60,72.83,5,12,73.83
2133,2023-09-01,60,88.97,43,11,73.85
2134,2023-10-01,60,84.19,34,16,88.85
2135,2023-11-01,60,77.76,21,1,71.74
2136,2023-12-01,60,93.66,28,17,95.4
2137,2024-01-01,60,94.86,44,6,84.51
2138,2024-02-01,60,93.05,40,13,77.46
2139,2024-03-01,60,76.41,3,14,88.46
2140,2024-04-01,60,82.88,34,2,77.42
2141,2024-05-01,60,95.51,29,7,69.86
2142,2024-06-01,60,96.75,44,15,73.36
2143,2024-07-01,60,87.09,34,3,77.07
2144,2024-08-01,60,96.23,44,10,75.66
2145,2024-09-01,60,75.89,6,18,89.73
2146,2024-10-01,60,74.43,24,12,87.87
2147,2024-11-01,60,85.21,8,10,92.36
2148,2024-12-01,60,90.15,44,7,84.73
2149,2025-01-01,60,77.04,39,13,88.96
2150,2025-02-01,60,75.83,37,3,95.87
2151,2025-03-01,60,75.71,4,9,96.14
2152,2025-04-01,60,89.68,21,3,90.62
2153,2025-05-01,60,80.9,31,2,76.21
2154,2025-06-01,60,73.53,41,12,79.41
2155,2025-07-01,60,73.77,40,18,76.2
2156,2025-08-01,60,72.0,25,16,70.34
2157,2025-09-01,60,77.0,12,8,90.75
2158,2025-10-01,60,88.61,12,11,94.49
2159,2025-11-01,60,92.53,39,18,90.46
2160,2025-12-01,60,91.78,26,18,86.71
