target_id,month_start,branch_id,revenue_target,margin_target_pct,expense_target
1,2023-01-01,1,139732.2,0.218,68818.72
2,2023-02-01,1,74588.31,0.2639,45167.01
3,2023-03-01,1,96705.18,0.2787,49669.05
4,2023-04-01,1,75232.56,0.2853,32410.74
5,2023-05-01,1,122245.94,0.3389,55452.16
6,2023-06-01,1,128400.86,0.2211,68646.02
7,2023-07-01,1,74749.3,0.2501,42486.3
8,2023-08-01,1,77207.18,0.2238,33521.42
9,2023-09-01,1,71015.17,0.2806,41154.21
10,2023-10-01,1,112457.88,0.2405,50897.17
11,2023-11-01,1,80144.18,0.3296,39684.54
12,2023-12-01,1,129876.87,0.2102,54747.52
13,2024-01-01,1,54280.3,0.2133,26085.33
14,2024-02-01,1,111835.29,0.271,61051.05
15,2024-03-01,1,151772.34,0.3044,82699.35
16,2024-04-01,1,143703.96,0.2575,70911.8
17,2024-05-01,1,156116.04,0.3209,73784.68
18,2024-06-01,1,150738.11,0.2373,84476.18
19,2024-07-01,1,55962.84,0.267,33982.5
20,2024-08-01,1,102550.22,0.3167,55721.07
21,2024-09-01,1,55540.6,0.1738,25512.28
22,2024-10-01,1,162434.94,0.2783,85028.18
23,2024-11-01,1,149907.11,0.223,62223.05
24,2024-12-01,1,103351.68,0.3234,43378.84
25,2025-01-01,1,108638.01,0.2129,50597.66
26,2025-02-01,1,63633.39,0.3233,28089.29
27,2025-03-01,1,141943.08,0.1911,68464.93
28,2025-04-01,1,55987.52,0.2659,28124.72
29,2025-05-01,1,101763.98,0.1961,54258.41
30,2025-06-01,1,57246.98,0.328,28388.7
31,2025-07-01,1,121921.16,0.2364,46968.53
32,2025-08-01,1,56619.07,0.2906,28127.08
33,2025-09-01,1,84477.87,0.2568,49762.24
34,2025-10-01,1,110542.55,0.2533,57506.71
35,2025-11-01,1,151438.51,0.1657,81653.93
36,2025-12-01,1,118028.52,0.2889,49520.8
37,2023-01-01,2,170113.56,0.2099,103350.53
38,2023-02-01,2,70640.14,0.2582,28309.61
39,2023-03-01,2,88894.61,0.2749,48829.91
40,2023-04-01,2,127918.32,0.2041,65340.97
41,2023-05-01,2,123783.09,0.229,59227.71
42,2023-06-01,2,125620.32,0.2266,51426.1
43,2023-07-01,2,130284.79,0.2111,74302.59
44,2023-08-01,2,191842.55,0.2942,88085.19
45,2023-09-01,2,127564.13,0.293,55487.06
46,2023-10-01,2,170891.27,0.1679,104628.49
47,2023-11-01,2,138348.19,0.2992,72510.47
48,2023-12-01,2,177562.68,0.2362,71353.01
49,2024-01-01,2,91230.05,0.2943,56204.8
50,2024-02-01,2,94198.46,0.2476,53447.68
51,2024-03-01,2,104508.21,0.2024,58880.69
52,2024-04-01,2,79251.72,0.22,41424.96
53,2024-05-01,2,130270.64,0.3308,64626.25
54,2024-06-01,2,118507.26,0.1937,68252.0
55,2024-07-01,2,70280.84,0.1629,32871.2
56,2024-08-01,2,171615.2,0.2058,84488.28
57,2024-09-01,2,75803.85,0.2104,45899.05
58,2024-10-01,2,178977.38,0.1773,109048.19
59,2024-11-01,2,126477.77,0.1844,59211.84
60,2024-12-01,2,192676.97,0.193,108460.52
61,2025-01-01,2,189245.52,0.3247,106227.65
62,2025-02-01,2,187534.81,0.1806,102544.06
63,2025-03-01,2,192777.9,0.2539,73964.52
64,2025-04-01,2,102519.15,0.2396,49111.65
65,2025-05-01,2,160800.71,0.1913,61360.35
66,2025-06-01,2,151930.23,0.3378,75362.55
67,2025-07-01,2,154977.92,0.2878,83853.95
68,2025-08-01,2,170196.07,0.1654,93400.86
69,2025-09-01,2,122069.54,0.2295,69910.32
70,2025-10-01,2,80967.44,0.3257,46546.44
71,2025-11-01,2,175565.56,0.3254,75912.07
72,2025-12-01,2,143282.13,0.3228,73136.07
73,2023-01-01,3,71150.02,0.2802,27477.9
74,2023-02-01,3,121358.71,0.1649,55087.9
75,2023-03-01,3,71782.32,0.2095,29498.63
76,2023-04-01,3,142189.21,0.2549,80442.69
77,2023-05-01,3,158050.26,0.2877,82949.43
78,2023-06-01,3,122507.85,0.2987,59247.63
79,2023-07-01,3,105083.33,0.2315,40560.16
80,2023-08-01,3,84004.22,0.272,39837.66
81,2023-09-01,3,110786.53,0.1772,46179.42
82,2023-10-01,3,165921.53,0.3041,77309.09
83,2023-11-01,3,170923.54,0.2629,95663.28
84,2023-12-01,3,77137.16,0.3322,37699.04
85,2024-01-01,3,75251.66,0.172,29737.67
86,2024-02-01,3,58407.84,0.2998,33331.13
87,2024-03-01,3,91275.33,0.2131,54673.09
88,2024-04-01,3,86863.73,0.3221,50176.76
89,2024-05-01,3,108649.17,0.2423,51825.35
90,2024-06-01,3,102599.61,0.2867,55697.85
91,2024-07-01,3,180520.51,0.1816,81978.35
92,2024-08-01,3,123364.25,0.3024,76266.42
93,2024-09-01,3,159209.43,0.177,89645.95
94,2024-10-01,3,85081.12,0.2376,33853.25
95,2024-11-01,3,61650.51,0.2372,36420.06
96,2024-12-01,3,93973.3,0.1652,51281.9
97,2025-01-01,3,92638.0,0.1754,39710.75
98,2025-02-01,3,166897.37,0.3221,83347.86
99,2025-03-01,3,116841.79,0.2844,54022.2
100,2025-04-01,3,105680.26,0.3005,57069.22
101,2025-05-01,3,167511.11,0.2626,96874.97
102,2025-06-01,3,161022.97,0.2027,85947.83
103,2025-07-01,3,126660.34,0.1889,54811.5
104,2025-08-01,3,106435.57,0.3304,41313.39
105,2025-09-01,3,176855.68,0.331,84309.49
106,2025-10-01,3,135149.83,0.2145,52733.15
107,2025-11-01,3,60762.64,0.2915,26430.23
108,2025-12-01,3,120882.08,0.2115,46217.29
109,2023-01-01,4,94393.46,0.3332,47530.2
110,2023-02-01,4,146020.71,0.2322,85044.62
111,2023-03-01,4,100147.92,0.1641,60173.26
112,2023-04-01,4,117336.86,0.2639,56883.16
113,2023-05-01,4,48727.56,0.3172,19154.22
114,2023-06-01,4,58759.5,0.2997,26482.95
115,2023-07-01,4,82045.88,0.2092,40372.22
116,2023-08-01,4,127598.0,0.2199,52485.55
117,2023-09-01,4,103544.39,0.2236,61583.19
118,2023-10-01,4,54184.1,0.2354,26091.7
119,2023-11-01,4,129664.6,0.1937,73872.71
120,2023-12-01,4,103602.07,0.3094,59424.3
121,2024-01-01,4,98673.72,0.2898,40694.35
122,2024-02-01,4,124102.18,0.1982,63811.65
123,2024-03-01,4,64660.72,0.3306,30798.67
124,2024-04-01,4,114190.21,0.2514,62288.74
125,2024-05-01,4,67537.18,0.2991,31969.21
126,2024-06-01,4,112754.14,0.3278,60636.76
127,2024-07-01,4,124225.94,0.2481,61285.21
128,2024-08-01,4,140146.21,0.2448,54551.81
129,2024-09-01,4,79425.96,0.2458,30497.84
130,2024-10-01,4,57792.87,0.2625,24365.65
131,2024-11-01,4,143082.82,0.1817,64895.85
132,2024-12-01,4,57331.56,0.2289,21915.89
133,2025-01-01,4,109761.03,0.1849,44623.11
134,2025-02-01,4,83534.54,0.1805,36791.0
135,2025-03-01,4,142972.51,0.2173,78334.38
136,2025-04-01,4,114272.57,0.2811,55882.7
137,2025-05-01,4,92417.33,0.2769,38317.4
138,2025-06-01,4,52412.41,0.179,20245.2
139,2025-07-01,4,94833.52,0.1764,46316.31
140,2025-08-01,4,105689.25,0.2033,57285.39
141,2025-09-01,4,99402.0,0.2171,50318.23
142,2025-10-01,4,51261.87,0.2585,21590.93
143,2025-11-01,4,143677.22,0.2598,72794.01
144,2025-12-01,4,69586.49,0.1745,29079.07
145,2023-01-01,5,63441.37,0.3196,28647.98
146,2023-02-01,5,87821.94,0.2289,41131.72
147,2023-03-01,5,63794.06,0.283,37012.1
148,2023-04-01,5,101835.53,0.2017,57496.76
149,2023-05-01,5,49701.54,0.2841,24093.82
150,2023-06-01,5,65061.64,0.3361,25867.47
151,2023-07-01,5,77683.43,0.2788,30347.86
152,2023-08-01,5,120914.44,0.1602,51064.44
153,2023-09-01,5,131989.91,0.1676,77684.78
154,2023-10-01,5,62147.16,0.2289,28078.84
155,2023-11-01,5,110078.95,0.2738,46323.88
156,2023-12-01,5,71941.55,0.2481,43086.52
157,2024-01-01,5,93175.7,0.277,53435.27
158,2024-02-01,5,112613.38,0.3131,53082.31
159,2024-03-01,5,117766.09,0.1778,50562.18
160,2024-04-01,5,52468.22,0.3138,22126.11
161,2024-05-01,5,92454.39,0.2195,41345.29
162,2024-06-01,5,59328.44,0.2388,29569.53
163,2024-07-01,5,98066.55,0.282,57890.06
164,2024-08-01,5,98718.79,0.2586,41718.24
165,2024-09-01,5,83165.09,0.2152,45659.08
166,2024-10-01,5,58654.86,0.2452,25542.0
167,2024-11-01,5,133624.46,0.1914,69201.02
168,2024-12-01,5,77363.69,0.2677,29825.3
169,2025-01-01,5,122358.14,0.2117,58139.54
170,2025-02-01,5,104480.16,0.3275,53818.51
171,2025-03-01,5,97589.59,0.1758,40926.35
172,2025-04-01,5,63844.53,0.314,24555.08
173,2025-05-01,5,125767.34,0.22,71007.16
174,2025-06-01,5,91997.91,0.3247,43523.57
175,2025-07-01,5,62403.0,0.2257,32607.83
176,2025-08-01,5,60746.17,0.2754,35325.93
177,2025-09-01,5,46861.27,0.3363,21592.21
178,2025-10-01,5,103046.24,0.3268,54664.82
179,2025-11-01,5,138430.98,0.2929,82221.61
180,2025-12-01,5,121696.87,0.2516,53101.34
181,2023-01-01,6,156615.64,0.17,89795.51
182,2023-02-01,6,106253.78,0.1975,42913.9
183,2023-03-01,6,146676.55,0.237,57067.59
184,2023-04-01,6,85016.83,0.1685,38033.13
185,2023-05-01,6,75970.52,0.2351,30323.85
186,2023-06-01,6,57850.66,0.2811,35058.88
187,2023-07-01,6,143078.39,0.182,87401.72
188,2023-08-01,6,156821.22,0.3306,74088.79
189,2023-09-01,6,119262.82,0.2691,73789.58
190,2023-10-01,6,169722.4,0.2184,65431.57
191,2023-11-01,6,127576.37,0.2954,50661.77
192,2023-12-01,6,163228.24,0.175,89014.21
193,2024-01-01,6,150612.52,0.3351,67400.86
194,2024-02-01,6,116727.52,0.1791,64055.6
195,2024-03-01,6,171980.55,0.3279,65953.73
196,2024-04-01,6,71533.49,0.3389,43186.33
197,2024-05-01,6,145222.91,0.298,70014.52
198,2024-06-01,6,131842.98,0.323,64253.92
199,2024-07-01,6,103163.74,0.2109,50437.54
200,2024-08-01,6,126849.58,0.2008,52583.14
201,2024-09-01,6,83419.48,0.1821,34657.22
202,2024-10-01,6,107512.44,0.2973,51061.69
203,2024-11-01,6,137722.69,0.2499,70083.24
204,2024-12-01,6,167594.14,0.187,89960.91
205,2025-01-01,6,92123.04,0.2166,48736.97
206,2025-02-01,6,175298.29,0.1652,79245.2
207,2025-03-01,6,165478.98,0.1932,81026.1
208,2025-04-01,6,84842.76,0.1843,46542.61
209,2025-05-01,6,161693.52,0.2762,89063.09
210,2025-06-01,6,91469.16,0.3139,42209.85
211,2025-07-01,6,83637.55,0.2686,35475.77
212,2025-08-01,6,156179.06,0.232,92054.35
213,2025-09-01,6,133306.78,0.3347,56074.9
214,2025-10-01,6,86535.6,0.2689,37891.81
215,2025-11-01,6,123873.47,0.2056,67015.51
216,2025-12-01,6,151640.01,0.324,83709.68
217,2023-01-01,7,62310.57,0.3245,33367.04
218,2023-02-01,7,50430.1,0.2801,22691.87
219,2023-03-01,7,105520.7,0.1728,61281.18
220,2023-04-01,7,66125.52,0.3366,40236.5
221,2023-05-01,7,63025.0,0.3076,30052.67
222,2023-06-01,7,122787.99,0.237,66162.56
223,2023-07-01,7,120577.46,0.1678,60532.85
224,2023-08-01,7,122173.81,0.3324,73314.19
225,2023-09-01,7,92864.74,0.2942,54533.64
226,2023-10-01,7,80720.16,0.1655,45705.5
227,2023-11-01,7,113506.54,0.245,60390.36
228,2023-12-01,7,44604.03,0.3273,22071.19
229,2024-01-01,7,55215.69,0.2142,24404.69
230,2024-02-01,7,73010.92,0.2389,39966.14
231,2024-03-01,7,111259.17,0.1768,57619.24
232,2024-04-01,7,106170.93,0.2208,48953.5
233,2024-05-01,7,47529.75,0.2513,19540.47
234,2024-06-01,7,96542.36,0.164,58597.66
235,2024-07-01,7,96643.5,0.1924,48992.91
236,2024-08-01,7,63502.77,0.2397,36761.41
237,2024-09-01,7,111956.05,0.2683,61592.59
238,2024-10-01,7,90759.22,0.1672,55492.57
239,2024-11-01,7,51602.74,0.2967,25842.76
240,2024-12-01,7,114674.09,0.2026,64186.42
241,2025-01-01,7,117273.29,0.2087,52527.04
242,2025-02-01,7,113282.82,0.2419,53956.38
243,2025-03-01,7,90096.67,0.2933,34435.65
244,2025-04-01,7,125216.93,0.2421,47615.62
245,2025-05-01,7,90953.54,0.2378,42511.6
246,2025-06-01,7,89346.83,0.1757,47921.48
247,2025-07-01,7,68031.9,0.2869,30371.19
248,2025-08-01,7,68051.52,0.3389,39305.99
249,2025-09-01,7,94181.41,0.2235,38949.2
250,2025-10-01,7,91856.47,0.2384,52744.28
251,2025-11-01,7,40950.23,0.2645,15875.98
252,2025-12-01,7,84275.25,0.2321,39717.11
253,2023-01-01,8,57906.6,0.1817,25555.09
254,2023-02-01,8,93375.86,0.2075,54421.36
255,2023-03-01,8,64255.2,0.3388,26278.64
256,2023-04-01,8,77569.65,0.1824,42533.67
257,2023-05-01,8,48325.72,0.2267,28531.85
258,2023-06-01,8,55106.67,0.2324,22532.97
259,2023-07-01,8,89901.62,0.2582,41913.61
260,2023-08-01,8,85561.43,0.2722,50481.68
261,2023-09-01,8,106200.29,0.2731,56545.55
262,2023-10-01,8,45288.25,0.1602,18830.87
263,2023-11-01,8,78204.28,0.309,42579.32
264,2023-12-01,8,63202.22,0.2096,37844.72
265,2024-01-01,8,38467.48,0.3323,21877.54
266,2024-02-01,8,48711.34,0.3086,25794.48
267,2024-03-01,8,69778.85,0.1828,42867.32
268,2024-04-01,8,70573.67,0.2993,28300.21
269,2024-05-01,8,77868.31,0.179,32221.62
270,2024-06-01,8,91159.91,0.2655,45557.01
271,2024-07-01,8,38034.83,0.3086,20934.97
272,2024-08-01,8,36777.63,0.2261,19245.86
273,2024-09-01,8,59506.93,0.2355,24832.43
274,2024-10-01,8,94166.48,0.2099,56095.83
275,2024-11-01,8,67185.55,0.3294,26649.64
276,2024-12-01,8,52951.32,0.2977,22745.34
277,2025-01-01,8,44176.17,0.2289,25089.72
278,2025-02-01,8,89242.47,0.2882,44711.53
279,2025-03-01,8,73766.64,0.2134,35443.54
280,2025-04-01,8,57101.72,0.2667,34323.86
281,2025-05-01,8,86802.65,0.3235,38084.58
282,2025-06-01,8,75637.56,0.2246,44667.17
283,2025-07-01,8,55672.95,0.2526,23264.17
284,2025-08-01,8,36379.47,0.3225,16621.02
285,2025-09-01,8,56980.58,0.3194,23101.33
286,2025-10-01,8,49582.78,0.171,26203.6
287,2025-11-01,8,55775.64,0.1951,34573.11
288,2025-12-01,8,98117.83,0.2388,52396.76
289,2023-01-01,9,97867.63,0.2952,47080.06
290,2023-02-01,9,95857.86,0.2187,38378.88
291,2023-03-01,9,60300.33,0.1922,32007.96
292,2023-04-01,9,68616.39,0.2968,35384.8
293,2023-05-01,9,88319.36,0.1862,45338.61
294,2023-06-01,9,71618.62,0.2696,43928.47
295,2023-07-01,9,98641.28,0.3085,52910.07
296,2023-08-01,9,62451.31,0.1735,32447.73
297,2023-09-01,9,48437.58,0.1621,19484.14
298,2023-10-01,9,122045.48,0.2893,59483.73
299,2023-11-01,9,72571.98,0.1911,36747.11
300,2023-12-01,9,85946.56,0.1684,34359.45
301,2024-01-01,9,60747.06,0.2359,35864.66
302,2024-02-01,9,120512.88,0.1693,69837.2
303,2024-03-01,9,58653.96,0.2554,33522.88
304,2024-04-01,9,74790.33,0.2899,41936.03
305,2024-05-01,9,64529.7,0.2044,39647.98
306,2024-06-01,9,95542.57,0.201,37968.74
307,2024-07-01,9,76615.07,0.2738,44338.48
308,2024-08-01,9,47381.75,0.3139,20301.29
309,2024-09-01,9,86449.35,0.3372,42469.84
310,2024-10-01,9,68494.1,0.2663,27373.05
311,2024-11-01,9,48362.92,0.2953,22035.66
312,2024-12-01,9,84479.46,0.2112,46014.99
313,2025-01-01,9,44538.65,0.1721,19725.34
314,2025-02-01,9,82762.51,0.2742,44824.16
315,2025-03-01,9,55012.91,0.2131,31949.71
316,2025-04-01,9,110204.29,0.2525,64622.75
317,2025-05-01,9,93532.52,0.1909,54817.56
318,2025-06-01,9,49285.86,0.1872,27710.3
319,2025-07-01,9,112751.87,0.2921,63646.0
320,2025-08-01,9,64034.58,0.2311,36973.05
321,2025-09-01,9,71667.06,0.1815,32265.75
322,2025-10-01,9,48499.31,0.2171,21338.1
323,2025-11-01,9,68426.61,0.1818,41684.89
324,2025-12-01,9,47362.6,0.2186,28213.44
325,2023-01-01,10,108476.58,0.2896,66268.64
326,2023-02-01,10,86840.56,0.2603,42729.97
327,2023-03-01,10,65644.61,0.2399,26572.86
328,2023-04-01,10,108991.09,0.3038,61671.98
329,2023-05-01,10,64626.44,0.2306,29018.79
330,2023-06-01,10,118997.12,0.3136,63152.48
331,2023-07-01,10,73267.98,0.1665,30615.51
332,2023-08-01,10,97395.31,0.1883,39334.83
333,2023-09-01,10,84333.84,0.1905,46634.05
334,2023-10-01,10,164006.06,0.2743,70396.81
335,2023-11-01,10,71731.23,0.3398,41949.91
336,2023-12-01,10,108940.86,0.2822,66461.09
337,2024-01-01,10,133090.19,0.2706,68716.27
338,2024-02-01,10,93332.7,0.2396,44984.48
339,2024-03-01,10,126434.1,0.2817,49138.82
340,2024-04-01,10,145514.72,0.278,74403.77
341,2024-05-01,10,159249.39,0.2427,71949.22
342,2024-06-01,10,77151.49,0.2154,40171.72
343,2024-07-01,10,113722.11,0.2268,59249.04
344,2024-08-01,10,144637.3,0.3213,89172.78
345,2024-09-01,10,82896.52,0.3169,36896.64
346,2024-10-01,10,107596.11,0.1727,58459.68
347,2024-11-01,10,126532.61,0.2917,74638.33
348,2024-12-01,10,69483.29,0.1751,36114.55
349,2025-01-01,10,114115.05,0.2072,52964.03
350,2025-02-01,10,97832.6,0.2904,48432.67
351,2025-03-01,10,87656.83,0.1941,34401.32
352,2025-04-01,10,120745.23,0.2023,57922.81
353,2025-05-01,10,73581.21,0.2714,44198.91
354,2025-06-01,10,118993.83,0.2447,50668.38
355,2025-07-01,10,93435.84,0.282,49586.39
356,2025-08-01,10,116258.2,0.3012,56421.43
357,2025-09-01,10,148511.14,0.3273,63812.37
358,2025-10-01,10,135809.52,0.2363,83416.39
359,2025-11-01,10,58918.51,0.2153,30380.57
360,2025-12-01,10,155773.87,0.1989,64494.09
361,2023-01-01,11,113297.49,0.1611,55815.74
362,2023-02-01,11,160138.12,0.287,87652.19
363,2023-03-01,11,188063.08,0.2804,103182.42
364,2023-04-01,11,194907.23,0.3073,83851.77
365,2023-05-01,11,72173.0,0.2889,36573.75
366,2023-06-01,11,128031.13,0.3109,53540.24
367,2023-07-01,11,124592.38,0.1864,65212.66
368,2023-08-01,11,139390.0,0.1954,78519.14
369,2023-09-01,11,98031.6,0.1703,44138.24
370,2023-10-01,11,167874.36,0.299,79732.38
371,2023-11-01,11,162157.0,0.2002,70754.46
372,2023-12-01,11,91224.63,0.291,47313.46
373,2024-01-01,11,163045.4,0.2649,73419.87
374,2024-02-01,11,156020.06,0.2943,65446.98
375,2024-03-01,11,123750.93,0.2523,69141.49
376,2024-04-01,11,195708.35,0.207,76446.67
377,2024-05-01,11,74819.52,0.1833,44910.4
378,2024-06-01,11,90102.24,0.2099,43928.25
379,2024-07-01,11,132635.41,0.2954,72010.37
380,2024-08-01,11,85392.08,0.2159,45741.9
381,2024-09-01,11,109797.59,0.2992,54401.3
382,2024-10-01,11,104959.06,0.1819,40457.19
383,2024-11-01,11,144710.85,0.2349,73250.0
384,2024-12-01,11,129824.79,0.3335,60852.42
385,2025-01-01,11,137457.52,0.3048,69517.74
386,2025-02-01,11,191855.12,0.2132,94437.43
387,2025-03-01,11,140535.68,0.2492,69333.64
388,2025-04-01,11,84149.93,0.3052,42663.14
389,2025-05-01,11,190792.18,0.2,79437.95
390,2025-06-01,11,174541.72,0.1666,79765.4
391,2025-07-01,11,154753.47,0.2174,68792.55
392,2025-08-01,11,91905.04,0.2853,47993.82
393,2025-09-01,11,195944.15,0.1668,84534.14
394,2025-10-01,11,162526.61,0.2121,100356.6
395,2025-11-01,11,76476.45,0.2252,29578.58
396,2025-12-01,11,142401.11,0.2005,57471.68
397,2023-01-01,12,153023.16,0.2268,92544.98
398,2023-02-01,12,108506.95,0.3241,44035.13
399,2023-03-01,12,105504.02,0.3024,56103.36
400,2023-04-01,12,148073.89,0.207,64791.7
401,2023-05-01,12,115605.59,0.316,56895.88
402,2023-06-01,12,76678.41,0.238,41432.45
403,2023-07-01,12,131862.65,0.2926,58793.02
404,2023-08-01,12,128050.0,0.2716,58852.88
405,2023-09-01,12,77968.91,0.2645,40050.78
406,2023-10-01,12,152138.52,0.2753,62197.57
407,2023-11-01,12,137048.4,0.2217,76478.88
408,2023-12-01,12,104577.26,0.3012,53672.24
409,2024-01-01,12,72568.01,0.298,44370.65
410,2024-02-01,12,67978.58,0.2614,35916.74
411,2024-03-01,12,124380.51,0.1987,66353.21
412,2024-04-01,12,81027.88,0.3036,44481.12
413,2024-05-01,12,52973.75,0.318,27113.64
414,2024-06-01,12,111115.38,0.1849,54371.09
415,2024-07-01,12,91457.92,0.1909,34821.64
416,2024-08-01,12,94088.43,0.1757,52579.85
417,2024-09-01,12,101487.06,0.3095,52431.63
418,2024-10-01,12,96928.27,0.2734,37453.09
419,2024-11-01,12,93246.65,0.3133,48189.07
420,2024-12-01,12,95898.49,0.3267,52831.78
421,2025-01-01,12,93926.68,0.3144,42923.86
422,2025-02-01,12,119093.19,0.3124,71413.54
423,2025-03-01,12,52914.0,0.2323,21458.91
424,2025-04-01,12,99624.01,0.2576,44562.54
425,2025-05-01,12,111061.14,0.3072,57761.5
426,2025-06-01,12,71624.45,0.2082,35635.36
427,2025-07-01,12,65350.45,0.2611,32224.63
428,2025-08-01,12,126947.32,0.1677,58490.21
429,2025-09-01,12,91018.84,0.3097,37698.11
430,2025-10-01,12,62722.5,0.2444,36523.68
431,2025-11-01,12,90921.29,0.2647,42317.94
432,2025-12-01,12,77415.74,0.2341,37292.83
433,2023-01-01,13,77244.49,0.2448,33856.62
434,2023-02-01,13,145059.55,0.318,68490.39
435,2023-03-01,13,128931.05,0.1988,60662.83
436,2023-04-01,13,136766.99,0.2987,84462.45
437,2023-05-01,13,111502.83,0.1656,59400.71
438,2023-06-01,13,78889.97,0.2215,32393.57
439,2023-07-01,13,145484.67,0.2601,83096.85
440,2023-08-01,13,105656.14,0.3116,50895.46
441,2023-09-01,13,51010.6,0.1649,24470.22
442,2023-10-01,13,139307.19,0.3241,66391.76
443,2023-11-01,13,59576.69,0.1614,33179.91
444,2023-12-01,13,133694.06,0.2715,59410.23
445,2024-01-01,13,135566.91,0.2862,81329.97
446,2024-02-01,13,140277.42,0.2583,58650.19
447,2024-03-01,13,121007.22,0.192,49535.47
448,2024-04-01,13,51538.97,0.1621,29170.85
449,2024-05-01,13,125593.4,0.1601,61989.77
450,2024-06-01,13,73697.17,0.2082,30411.32
451,2024-07-01,13,73156.92,0.1694,33444.0
452,2024-08-01,13,125762.48,0.272,57793.23
453,2024-09-01,13,100862.3,0.245,50127.44
454,2024-10-01,13,141737.97,0.2415,70673.23
455,2024-11-01,13,122133.21,0.1802,54418.15
456,2024-12-01,13,115778.79,0.2233,68872.68
457,2025-01-01,13,77974.89,0.3058,36892.36
458,2025-02-01,13,82341.96,0.2837,40962.47
459,2025-03-01,13,140821.8,0.1875,78802.32
460,2025-04-01,13,83384.64,0.1617,49771.93
461,2025-05-01,13,63045.65,0.2632,34967.41
462,2025-06-01,13,86953.55,0.2826,42066.25
463,2025-07-01,13,143361.78,0.2961,77912.69
464,2025-08-01,13,52127.06,0.304,28352.75
465,2025-09-01,13,139061.79,0.226,62439.25
466,2025-10-01,13,109475.63,0.2542,63205.82
467,2025-11-01,13,53796.49,0.2659,27125.44
468,2025-12-01,13,100437.86,0.1762,43289.16
469,2023-01-01,14,118035.06,0.1892,67532.1
470,2023-02-01,14,104560.07,0.2077,41376.25
471,2023-03-01,14,162967.98,0.2766,70292.9
472,2023-04-01,14,98139.18,0.2528,56130.44
473,2023-05-01,14,144371.4,0.1756,85589.39
474,2023-06-01,14,102181.67,0.2694,47999.64
475,2023-07-01,14,84330.58,0.2762,35638.08
476,2023-08-01,14,130363.86,0.2975,54455.22
477,2023-09-01,14,128294.54,0.2379,71109.76
478,2023-10-01,14,105808.17,0.1856,45179.63
479,2023-11-01,14,77352.02,0.311,40795.33
480,2023-12-01,14,145595.39,0.195,63125.87
481,2024-01-01,14,120464.24,0.1613,50876.64
482,2024-02-01,14,87942.1,0.3192,35730.38
483,2024-03-01,14,83066.93,0.165,43765.11
484,2024-04-01,14,156349.34,0.2178,72488.83
485,2024-05-01,14,174185.58,0.1651,67798.92
486,2024-06-01,14,143167.81,0.3093,65562.06
487,2024-07-01,14,102812.95,0.2867,49956.71
488,2024-08-01,14,64248.18,0.2575,34013.62
489,2024-09-01,14,157221.84,0.285,76933.01
490,2024-10-01,14,62842.54,0.1934,26974.03
491,2024-11-01,14,118530.18,0.3063,59450.31
492,2024-12-01,14,75065.02,0.3164,39140.75
493,2025-01-01,14,136711.21,0.2158,61649.19
494,2025-02-01,14,68885.23,0.2911,38055.15
495,2025-03-01,14,95803.33,0.263,46083.2
496,2025-04-01,14,70620.24,0.2082,34508.3
497,2025-05-01,14,117507.41,0.2196,69484.59
498,2025-06-01,14,125501.86,0.2859,51110.93
499,2025-07-01,14,149723.23,0.187,66212.86
500,2025-08-01,14,167876.07,0.2914,65564.21
501,2025-09-01,14,176007.83,0.2288,86146.03
502,2025-10-01,14,141837.72,0.252,62901.04
503,2025-11-01,14,83042.64,0.3012,48982.03
504,2025-12-01,14,114193.43,0.2729,66579.95
505,2023-01-01,15,94116.22,0.1811,55894.6
506,2023-02-01,15,99129.65,0.1768,57021.82
507,2023-03-01,15,114700.42,0.2737,69406.08
508,2023-04-01,15,102988.77,0.1911,54019.17
509,2023-05-01,15,116370.73,0.1614,53815.57
510,2023-06-01,15,108563.68,0.1643,57806.16
511,2023-07-01,15,97008.41,0.2737,52298.13
512,2023-08-01,15,44995.82,0.2885,17160.39
513,2023-09-01,15,85344.64,0.1937,48065.09
514,2023-10-01,15,78575.94,0.2865,44924.86
515,2023-11-01,15,114038.09,0.2747,65588.76
516,2023-12-01,15,86206.27,0.2387,44532.26
517,2024-01-01,15,71972.76,0.2545,43332.34
518,2024-02-01,15,53078.64,0.1768,26961.19
519,2024-03-01,15,65636.64,0.3128,31221.21
520,2024-04-01,15,55134.28,0.2757,33516.68
521,2024-05-01,15,93888.66,0.2133,41987.79
522,2024-06-01,15,63826.18,0.2128,36923.65
523,2024-07-01,15,50532.4,0.3152,28978.09
524,2024-08-01,15,113594.19,0.1735,61559.66
525,2024-09-01,15,95586.78,0.218,42467.63
526,2024-10-01,15,75854.98,0.3366,29769.53
527,2024-11-01,15,119014.87,0.274,70746.78
528,2024-12-01,15,104991.77,0.2644,43538.08
529,2025-01-01,15,59529.31,0.2881,22729.8
530,2025-02-01,15,130169.39,0.1844,73236.97
531,2025-03-01,15,127904.91,0.3024,48609.17
532,2025-04-01,15,46527.64,0.2841,26462.92
533,2025-05-01,15,55905.5,0.2,29305.54
534,2025-06-01,15,61045.31,0.2474,34414.23
535,2025-07-01,15,101505.1,0.3119,62543.46
536,2025-08-01,15,107791.82,0.2354,46070.33
537,2025-09-01,15,95928.8,0.2712,53039.52
538,2025-10-01,15,132716.4,0.232,69498.92
539,2025-11-01,15,88209.46,0.2468,36555.68
540,2025-12-01,15,129895.27,0.2336,76714.22
541,2023-01-01,16,119549.48,0.1712,46517.38
542,2023-02-01,16,116729.6,0.2176,57467.18
543,2023-03-01,16,183870.25,0.2986,92767.67
544,2023-04-01,16,84189.53,0.1883,34401.79
545,2023-05-01,16,177762.44,0.2356,69165.81
546,2023-06-01,16,132168.72,0.2749,50887.8
547,2023-07-01,16,104703.1,0.293,63774.0
548,2023-08-01,16,89078.57,0.2625,41931.45
549,2023-09-01,16,122532.89,0.2368,71713.25
550,2023-10-01,16,141237.59,0.2245,64077.34
551,2023-11-01,16,194870.8,0.2998,116668.51
552,2023-12-01,16,162082.74,0.272,70663.69
553,2024-01-01,16,114675.54,0.3035,50282.72
554,2024-02-01,16,189736.0,0.2149,112975.32
555,2024-03-01,16,87902.58,0.1933,45704.79
556,2024-04-01,16,145649.42,0.1938,66644.17
557,2024-05-01,16,94502.27,0.2993,40413.49
558,2024-06-01,16,96361.13,0.2042,41203.04
559,2024-07-01,16,138026.03,0.2957,63898.4
560,2024-08-01,16,168703.6,0.2848,80342.08
561,2024-09-01,16,120753.95,0.2508,69905.22
562,2024-10-01,16,128151.93,0.3033,70291.74
563,2024-11-01,16,130302.4,0.2221,55320.44
564,2024-12-01,16,152688.14,0.2352,67626.84
565,2025-01-01,16,163483.15,0.3175,76191.52
566,2025-02-01,16,183500.13,0.322,93251.98
567,2025-03-01,16,166682.0,0.191,66626.79
568,2025-04-01,16,81536.1,0.1725,38706.4
569,2025-05-01,16,159870.21,0.3185,65033.31
570,2025-06-01,16,79869.8,0.2653,40716.83
571,2025-07-01,16,154594.74,0.3025,84622.32
572,2025-08-01,16,128628.55,0.264,58035.31
573,2025-09-01,16,81739.79,0.1986,33106.61
574,2025-10-01,16,132684.56,0.3159,63851.99
575,2025-11-01,16,87822.19,0.2878,43266.44
576,2025-12-01,16,111040.43,0.3241,66048.25
577,2023-01-01,17,72070.66,0.1802,38660.21
578,2023-02-01,17,171197.62,0.2781,72608.07
579,2023-03-01,17,132567.89,0.2085,63211.8
580,2023-04-01,17,171167.76,0.2471,85620.02
581,2023-05-01,17,85647.93,0.1783,40588.12
582,2023-06-01,17,135220.8,0.3054,54587.6
583,2023-07-01,17,93272.41,0.331,48101.95
584,2023-08-01,17,62297.25,0.21,30497.63
585,2023-09-01,17,73240.62,0.1926,45206.16
586,2023-10-01,17,113862.64,0.2505,61543.43
587,2023-11-01,17,159305.55,0.3352,92506.48
588,2023-12-01,17,114996.91,0.198,51046.83
589,2024-01-01,17,88611.21,0.3316,50302.88
590,2024-02-01,17,149746.17,0.2385,66242.85
591,2024-03-01,17,162969.27,0.3238,76160.88
592,2024-04-01,17,159975.81,0.1867,85096.03
593,2024-05-01,17,158373.37,0.2831,77992.58
594,2024-06-01,17,88732.51,0.2443,37048.5
595,2024-07-01,17,127636.27,0.2897,58415.12
596,2024-08-01,17,95478.73,0.214,52903.68
597,2024-09-01,17,57431.52,0.2766,23418.01
598,2024-10-01,17,94155.41,0.2733,37182.85
599,2024-11-01,17,72751.2,0.1866,44740.93
600,2024-12-01,17,105167.85,0.1629,51994.27
601,2025-01-01,17,115327.4,0.179,60023.3
602,2025-02-01,17,82635.55,0.1629,44578.7
603,2025-03-01,17,147874.64,0.2727,58848.66
604,2025-04-01,17,160972.19,0.2701,73449.32
605,2025-05-01,17,146264.09,0.2161,82144.13
606,2025-06-01,17,77403.99,0.2498,36559.15
607,2025-07-01,17,175067.04,0.2976,82670.15
608,2025-08-01,17,92880.2,0.2686,47231.75
609,2025-09-01,17,92505.72,0.1999,52123.09
610,2025-10-01,17,105309.11,0.2776,64740.41
611,2025-11-01,17,70771.32,0.2403,35001.54
612,2025-12-01,17,116669.12,0.2277,51149.19
613,2023-01-01,18,109276.02,0.3345,42740.76
614,2023-02-01,18,99142.5,0.3327,56731.39
615,2023-03-01,18,162819.66,0.2467,63829.51
616,2023-04-01,18,93521.62,0.3254,57482.78
617,2023-05-01,18,166377.82,0.2369,93111.13
618,2023-06-01,18,79251.44,0.1618,32289.85
619,2023-07-01,18,110369.6,0.1963,48309.57
620,2023-08-01,18,160471.48,0.1731,72680.28
621,2023-09-01,18,89314.32,0.2898,45951.67
622,2023-10-01,18,92616.63,0.2255,54542.33
623,2023-11-01,18,106428.29,0.3223,43263.38
624,2023-12-01,18,90429.94,0.3109,43125.4
625,2024-01-01,18,106300.58,0.1965,63854.59
626,2024-02-01,18,74654.92,0.1801,30327.75
627,2024-03-01,18,99977.87,0.2999,49015.73
628,2024-04-01,18,150417.58,0.2448,82410.64
629,2024-05-01,18,93507.17,0.3382,52346.87
630,2024-06-01,18,114710.13,0.1684,55403.45
631,2024-07-01,18,167499.53,0.248,74940.56
632,2024-08-01,18,107816.64,0.1672,64670.21
633,2024-09-01,18,130624.41,0.2511,70997.3
634,2024-10-01,18,74356.59,0.3147,34012.26
635,2024-11-01,18,122258.7,0.2606,66909.46
636,2024-12-01,18,143755.41,0.2681,64170.6
637,2025-01-01,18,94993.17,0.2088,54467.16
638,2025-02-01,18,139706.58,0.2842,79024.28
639,2025-03-01,18,55269.41,0.2047,26931.09
640,2025-04-01,18,70542.3,0.2647,41837.43
641,2025-05-01,18,117802.96,0.2269,64780.7
642,2025-06-01,18,160191.17,0.2482,73706.66
643,2025-07-01,18,83741.51,0.289,43281.69
644,2025-08-01,18,135906.98,0.3097,52711.88
645,2025-09-01,18,145690.47,0.3028,66012.18
646,2025-10-01,18,157814.39,0.188,89479.62
647,2025-11-01,18,77988.81,0.1746,29673.47
648,2025-12-01,18,157784.37,0.1886,83095.66
649,2023-01-01,19,116080.29,0.1631,65923.31
650,2023-02-01,19,81183.84,0.307,39230.4
651,2023-03-01,19,130414.64,0.1652,51853.5
652,2023-04-01,19,107470.25,0.1724,58588.75
653,2023-05-01,19,74908.95,0.2114,37627.45
654,2023-06-01,19,116586.05,0.2238,69579.75
655,2023-07-01,19,61360.51,0.2952,26652.78
656,2023-08-01,19,131472.05,0.1675,76519.61
657,2023-09-01,19,55023.65,0.2358,25336.86
658,2023-10-01,19,118372.7,0.3265,61662.04
659,2023-11-01,19,74974.38,0.2072,38851.99
660,2023-12-01,19,55760.17,0.1852,30475.9
661,2024-01-01,19,115020.52,0.191,59529.24
662,2024-02-01,19,61697.18,0.3078,31035.2
663,2024-03-01,19,107305.64,0.2789,50864.34
664,2024-04-01,19,80372.87,0.2812,49750.71
665,2024-05-01,19,106009.73,0.2026,60467.59
666,2024-06-01,19,118991.25,0.2066,60610.84
667,2024-07-01,19,133749.13,0.1881,65774.36
668,2024-08-01,19,122569.62,0.2239,63474.42
669,2024-09-01,19,106117.13,0.2583,55834.0
670,2024-10-01,19,78536.91,0.2612,32598.89
671,2024-11-01,19,98532.93,0.2846,58135.0
672,2024-12-01,19,69730.69,0.1889,33678.9
673,2025-01-01,19,68020.28,0.3203,29266.04
674,2025-02-01,19,112519.4,0.1686,56369.77
675,2025-03-01,19,80499.88,0.2738,39372.57
676,2025-04-01,19,103121.76,0.2621,55493.31
677,2025-05-01,19,116976.52,0.209,46858.95
678,2025-06-01,19,127011.99,0.2146,78472.48
679,2025-07-01,19,100063.73,0.3174,50599.7
680,2025-08-01,19,141100.6,0.3281,62004.13
681,2025-09-01,19,92880.76,0.2187,45104.91
682,2025-10-01,19,91269.47,0.2757,47961.96
683,2025-11-01,19,71221.85,0.2713,31684.53
684,2025-12-01,19,70234.81,0.2807,37163.03
685,2023-01-01,20,145603.84,0.2948,57819.56
686,2023-02-01,20,102174.54,0.2762,55440.08
687,2023-03-01,20,130196.55,0.2988,56384.86
688,2023-04-01,20,66203.5,0.1912,33323.35
689,2023-05-01,20,115125.02,0.2777,55822.17
690,2023-06-01,20,84766.44,0.1729,32696.7
691,2023-07-01,20,149987.07,0.232,68473.99
692,2023-08-01,20,96337.29,0.2179,46607.89
693,2023-09-01,20,117935.21,0.2804,47245.43
694,2023-10-01,20,59933.46,0.2219,29055.07
695,2023-11-01,20,99075.11,0.1606,49941.4
696,2023-12-01,20,153180.35,0.2918,63714.24
697,2024-01-01,20,104701.65,0.1947,58609.95
698,2024-02-01,20,93401.56,0.2369,42061.84
699,2024-03-01,20,81837.64,0.1654,47893.64
700,2024-04-01,20,76099.57,0.2355,40246.26
701,2024-05-01,20,65438.4,0.3059,36529.44
702,2024-06-01,20,100671.93,0.2263,52085.22
703,2024-07-01,20,73897.38,0.2575,39672.82
704,2024-08-01,20,115178.69,0.2368,45772.12
705,2024-09-01,20,127498.9,0.3201,56475.51
706,2024-10-01,20,76688.81,0.3341,40206.48
707,2024-11-01,20,94473.76,0.18,53546.78
708,2024-12-01,20,148979.11,0.2114,58143.86
709,2025-01-01,20,85264.52,0.2722,45015.99
710,2025-02-01,20,82586.05,0.3113,41836.67
711,2025-03-01,20,103402.35,0.1787,42712.43
712,2025-04-01,20,97998.55,0.2546,54213.3
713,2025-05-01,20,94220.96,0.1628,40098.47
714,2025-06-01,20,113462.28,0.2245,52425.08
715,2025-07-01,20,140970.05,0.2804,87116.52
716,2025-08-01,20,149364.18,0.1984,82834.42
717,2025-09-01,20,81828.31,0.286,47990.47
718,2025-10-01,20,144968.12,0.2426,58692.59
719,2025-11-01,20,96267.87,0.2346,36610.35
720,2025-12-01,20,54447.21,0.2344,31808.65
721,2023-01-01,21,125320.42,0.1748,53572.55
722,2023-02-01,21,53148.95,0.1936,31138.42
723,2023-03-01,21,107294.74,0.2167,49588.61
724,2023-04-01,21,75602.97,0.2867,38433.08
725,2023-05-01,21,100900.94,0.3299,53017.75
726,2023-06-01,21,116251.56,0.1705,71979.57
727,2023-07-01,21,128408.13,0.29,65317.92
728,2023-08-01,21,147585.86,0.3065,72966.47
729,2023-09-01,21,57415.15,0.2913,25532.61
730,2023-10-01,21,74074.59,0.2892,43258.64
731,2023-11-01,21,85131.05,0.2632,40822.02
732,2023-12-01,21,132257.27,0.1658,68496.87
733,2024-01-01,21,101276.46,0.1986,38494.91
734,2024-02-01,21,69864.26,0.296,35133.86
735,2024-03-01,21,82954.74,0.2742,45845.96
736,2024-04-01,21,65648.2,0.2327,38575.66
737,2024-05-01,21,60893.73,0.1801,30817.74
738,2024-06-01,21,146958.14,0.3186,90792.12
739,2024-07-01,21,69614.67,0.2144,30043.41
740,2024-08-01,21,62236.47,0.2819,35981.43
741,2024-09-01,21,125571.47,0.2128,55320.64
742,2024-10-01,21,60748.06,0.2128,37438.23
743,2024-11-01,21,127079.3,0.327,52592.4
744,2024-12-01,21,116515.94,0.3259,64972.25
745,2025-01-01,21,87894.26,0.3396,49029.63
746,2025-02-01,21,76051.01,0.2486,37624.1
747,2025-03-01,21,59397.15,0.3193,32469.86
748,2025-04-01,21,111209.84,0.3259,60837.42
749,2025-05-01,21,86892.2,0.3288,41302.21
750,2025-06-01,21,48647.85,0.2829,24850.95
751,2025-07-01,21,113355.85,0.2036,70149.33
752,2025-08-01,21,139726.11,0.3255,67098.91
753,2025-09-01,21,125453.08,0.2082,64630.46
754,2025-10-01,21,106795.68,0.2873,48485.01
755,2025-11-01,21,60271.54,0.2256,24309.7
756,2025-12-01,21,104692.73,0.1712,48362.48
757,2023-01-01,22,58001.08,0.1746,33245.88
758,2023-02-01,22,75803.97,0.2973,30834.11
759,2023-03-01,22,154168.03,0.1702,79727.12
760,2023-04-01,22,175719.78,0.3245,103299.02
761,2023-05-01,22,67211.3,0.1944,32588.57
762,2023-06-01,22,69727.56,0.2182,28483.27
763,2023-07-01,22,156707.92,0.1915,67580.39
764,2023-08-01,22,154097.54,0.2328,86937.63
765,2023-09-01,22,138106.37,0.1928,60558.56
766,2023-10-01,22,145282.37,0.2867,88759.31
767,2023-11-01,22,92460.23,0.3047,50563.26
768,2023-12-01,22,140992.25,0.2207,71427.65
769,2024-01-01,22,171697.94,0.2777,101432.53
770,2024-02-01,22,143201.25,0.29,87044.58
771,2024-03-01,22,136479.3,0.196,60571.75
772,2024-04-01,22,98541.42,0.3157,58348.97
773,2024-05-01,22,128687.45,0.1635,63061.16
774,2024-06-01,22,64863.29,0.2532,32584.47
775,2024-07-01,22,94051.34,0.2225,46252.03
776,2024-08-01,22,150831.16,0.1796,78667.86
777,2024-09-01,22,141731.78,0.2395,80160.56
778,2024-10-01,22,63777.15,0.2036,30196.52
779,2024-11-01,22,137075.55,0.1955,57176.41
780,2024-12-01,22,132779.39,0.3127,62825.08
781,2025-01-01,22,157018.19,0.2475,94120.67
782,2025-02-01,22,148352.38,0.217,74118.83
783,2025-03-01,22,98611.72,0.2754,37813.67
784,2025-04-01,22,102461.25,0.1857,54079.9
785,2025-05-01,22,166561.59,0.3044,64610.54
786,2025-06-01,22,165413.26,0.2836,84021.93
787,2025-07-01,22,114810.55,0.2839,69520.15
788,2025-08-01,22,167020.06,0.3083,89752.17
789,2025-09-01,22,70798.25,0.1907,37497.11
790,2025-10-01,22,139124.96,0.209,56232.5
791,2025-11-01,22,163575.84,0.2407,99302.49
792,2025-12-01,22,170867.6,0.1906,82419.63
793,2023-01-01,23,43158.3,0.1822,22330.61
794,2023-02-01,23,97791.9,0.2261,58748.28
795,2023-03-01,23,47628.8,0.212,25532.49
796,2023-04-01,23,56696.68,0.2429,34956.49
797,2023-05-01,23,82040.08,0.2834,40749.7
798,2023-06-01,23,56738.03,0.3201,28201.51
799,2023-07-01,23,52227.67,0.2667,22476.88
800,2023-08-01,23,40196.9,0.2552,23758.05
801,2023-09-01,23,83266.7,0.2119,36953.33
802,2023-10-01,23,108031.49,0.1933,64051.2
803,2023-11-01,23,102725.39,0.2123,52307.47
804,2023-12-01,23,74021.55,0.3289,38151.75
805,2024-01-01,23,73478.82,0.1971,37776.44
806,2024-02-01,23,53975.71,0.1974,22571.88
807,2024-03-01,23,57927.55,0.1942,22297.93
808,2024-04-01,23,89712.93,0.3101,51075.85
809,2024-05-01,23,66421.48,0.2162,40078.9
810,2024-06-01,23,63460.3,0.2914,30479.41
811,2024-07-01,23,48220.58,0.3345,25662.25
812,2024-08-01,23,82822.66,0.2338,32902.33
813,2024-09-01,23,77544.38,0.202,31467.78
814,2024-10-01,23,110374.72,0.311,47415.18
815,2024-11-01,23,93024.94,0.2363,47248.51
816,2024-12-01,23,68527.68,0.2796,33693.64
817,2025-01-01,23,55618.65,0.1852,25314.65
818,2025-02-01,23,76469.35,0.1804,29577.47
819,2025-03-01,23,103307.29,0.2818,62145.32
820,2025-04-01,23,85915.24,0.1722,36834.05
821,2025-05-01,23,98892.5,0.2625,39168.13
822,2025-06-01,23,73994.88,0.2856,42507.34
823,2025-07-01,23,87610.31,0.2648,40561.14
824,2025-08-01,23,54440.73,0.2922,28995.47
825,2025-09-01,23,95123.32,0.3357,52300.13
826,2025-10-01,23,53696.8,0.3378,20529.56
827,2025-11-01,23,77997.75,0.3065,45644.35
828,2025-12-01,23,37071.05,0.2399,15253.74
829,2023-01-01,24,53538.39,0.2742,31236.74
830,2023-02-01,24,78240.82,0.2493,46963.13
831,2023-03-01,24,134626.66,0.222,75614.75
832,2023-04-01,24,124475.49,0.2887,64919.63
833,2023-05-01,24,56413.99,0.3191,34018.59
834,2023-06-01,24,109547.09,0.2268,56131.98
835,2023-07-01,24,113697.72,0.271,53247.74
836,2023-08-01,24,96848.4,0.2121,49685.99
837,2023-09-01,24,52743.89,0.3115,27922.33
838,2023-10-01,24,84192.75,0.2507,52003.28
839,2023-11-01,24,147935.46,0.2577,63811.6
840,2023-12-01,24,59025.57,0.2807,35345.5
841,2024-01-01,24,116098.66,0.2404,67903.91
842,2024-02-01,24,103230.33,0.3098,49716.96
843,2024-03-01,24,78240.41,0.2168,34216.07
844,2024-04-01,24,59475.99,0.2087,28234.32
845,2024-05-01,24,156757.54,0.191,91338.48
846,2024-06-01,24,130852.52,0.2096,61194.12
847,2024-07-01,24,154929.27,0.2655,79756.55
848,2024-08-01,24,87166.18,0.2066,35414.57
849,2024-09-01,24,130781.65,0.2266,61283.65
850,2024-10-01,24,97023.17,0.2338,42889.43
851,2024-11-01,24,111687.63,0.2053,48343.33
852,2024-12-01,24,135733.83,0.1902,77836.21
853,2025-01-01,24,71536.17,0.1992,41742.91
854,2025-02-01,24,155332.82,0.1926,86448.64
855,2025-03-01,24,96217.41,0.3073,44497.56
856,2025-04-01,24,72674.98,0.2667,29435.19
857,2025-05-01,24,150608.75,0.288,59242.95
858,2025-06-01,24,63070.28,0.2725,26081.1
859,2025-07-01,24,123961.34,0.2098,64579.67
860,2025-08-01,24,125267.6,0.3247,60980.89
861,2025-09-01,24,60853.49,0.2498,26146.61
862,2025-10-01,24,53528.3,0.2634,25105.04
863,2025-11-01,24,154815.89,0.2783,82680.59
864,2025-12-01,24,113323.69,0.2686,67530.91
865,2023-01-01,25,140987.04,0.2119,78945.56
866,2023-02-01,25,134841.79,0.1984,55379.03
867,2023-03-01,25,137446.23,0.1819,59339.67
868,2023-04-01,25,102440.23,0.276,47434.85
869,2023-05-01,25,118874.85,0.3042,56490.9
870,2023-06-01,25,65519.87,0.2067,34238.9
871,2023-07-01,25,69179.25,0.2446,39219.99
872,2023-08-01,25,133726.44,0.2976,66332.16
873,2023-09-01,25,57095.56,0.2969,24232.13
874,2023-10-01,25,106477.02,0.1934,62948.82
875,2023-11-01,25,136165.19,0.2812,61287.4
876,2023-12-01,25,135706.77,0.219,64826.08
877,2024-01-01,25,60710.4,0.2314,31914.66
878,2024-02-01,25,47272.83,0.2168,22677.18
879,2024-03-01,25,98484.22,0.1724,42481.14
880,2024-04-01,25,91194.81,0.2097,34981.6
881,2024-05-01,25,71987.09,0.2077,41781.48
882,2024-06-01,25,132359.01,0.323,66518.46
883,2024-07-01,25,118126.02,0.2855,47399.97
884,2024-08-01,25,100937.22,0.2064,45766.51
885,2024-09-01,25,112129.96,0.2505,51145.91
886,2024-10-01,25,122902.32,0.2205,74373.34
887,2024-11-01,25,57301.87,0.2174,22754.69
888,2024-12-01,25,130070.22,0.2569,60210.74
889,2025-01-01,25,84982.39,0.1997,37656.15
890,2025-02-01,25,59991.9,0.2407,34428.18
891,2025-03-01,25,68299.86,0.3226,26940.81
892,2025-04-01,25,122070.78,0.2081,50804.12
893,2025-05-01,25,125601.05,0.2833,58006.79
894,2025-06-01,25,112506.14,0.2728,43805.21
895,2025-07-01,25,76112.77,0.2145,31852.92
896,2025-08-01,25,142705.61,0.2646,65872.23
897,2025-09-01,25,47757.86,0.167,21405.4
898,2025-10-01,25,88373.02,0.2637,44211.76
899,2025-11-01,25,117251.51,0.2879,67089.47
900,2025-12-01,25,112001.72,0.2295,69246.37
901,2023-01-01,26,78701.97,0.2484,38929.58
902,2023-02-01,26,143879.79,0.2583,81555.8
903,2023-03-01,26,93623.63,0.1898,49836.44
904,2023-04-01,26,152981.7,0.3266,62347.25
905,2023-05-01,26,68905.71,0.3243,35851.86
906,2023-06-01,26,121705.59,0.3077,59940.86
907,2023-07-01,26,86673.48,0.2431,47318.48
908,2023-08-01,26,100577.98,0.2187,58427.16
909,2023-09-01,26,69911.99,0.329,31792.35
910,2023-10-01,26,100473.16,0.1839,48748.7
911,2023-11-01,26,112131.88,0.1863,45406.5
912,2023-12-01,26,93601.68,0.1614,49713.6
913,2024-01-01,26,90243.79,0.1817,50331.68
914,2024-02-01,26,161881.82,0.2354,76794.81
915,2024-03-01,26,109877.07,0.3126,45085.54
916,2024-04-01,26,93823.89,0.2561,40053.64
917,2024-05-01,26,116344.78,0.3153,44349.44
918,2024-06-01,26,142534.53,0.2178,67665.3
919,2024-07-01,26,100737.16,0.1958,57768.33
920,2024-08-01,26,130686.58,0.2314,79004.47
921,2024-09-01,26,57742.9,0.2313,28087.5
922,2024-10-01,26,72711.18,0.3067,36135.62
923,2024-11-01,26,125877.13,0.2328,61991.55
924,2024-12-01,26,164158.08,0.3307,63017.17
925,2025-01-01,26,158131.75,0.2923,62510.75
926,2025-02-01,26,124297.8,0.3004,76293.19
927,2025-03-01,26,123494.85,0.1813,47533.38
928,2025-04-01,26,141585.23,0.3032,79570.3
929,2025-05-01,26,57472.04,0.2071,33647.4
930,2025-06-01,26,104637.8,0.1682,50397.64
931,2025-07-01,26,166263.04,0.2579,76043.0
932,2025-08-01,26,76391.28,0.2675,41817.78
933,2025-09-01,26,162473.02,0.1638,76938.88
934,2025-10-01,26,98138.34,0.2246,47051.25
935,2025-11-01,26,111535.96,0.2603,52286.3
936,2025-12-01,26,53752.26,0.1662,28053.27
937,2023-01-01,27,139476.87,0.2984,58564.21
938,2023-02-01,27,106306.14,0.1818,60212.34
939,2023-03-01,27,70185.65,0.2975,37681.54
940,2023-04-01,27,65032.16,0.1955,40042.71
941,2023-05-01,27,140112.57,0.2523,58937.93
942,2023-06-01,27,130987.59,0.3375,77187.06
943,2023-07-01,27,146900.5,0.1604,85801.18
944,2023-08-01,27,154932.52,0.2007,64205.22
945,2023-09-01,27,67036.0,0.2534,38581.9
946,2023-10-01,27,132967.99,0.2547,73003.53
947,2023-11-01,27,72026.67,0.3137,34607.56
948,2023-12-01,27,91702.6,0.2475,41897.37
949,2024-01-01,27,114715.71,0.2992,60277.73
950,2024-02-01,27,103432.29,0.2802,56627.68
951,2024-03-01,27,135734.75,0.2057,69323.82
952,2024-04-01,27,86243.13,0.2173,34609.9
953,2024-05-01,27,55770.59,0.3246,22337.79
954,2024-06-01,27,122814.29,0.3107,72479.43
955,2024-07-01,27,136164.23,0.3317,79795.11
956,2024-08-01,27,63650.76,0.2306,28619.06
957,2024-09-01,27,68432.92,0.2743,32237.87
958,2024-10-01,27,126011.88,0.1993,65208.96
959,2024-11-01,27,55805.56,0.1669,22955.61
960,2024-12-01,27,83155.46,0.301,35835.29
961,2025-01-01,27,77924.07,0.2964,33716.38
962,2025-02-01,27,150504.29,0.2415,68816.94
963,2025-03-01,27,143527.46,0.2046,83484.16
964,2025-04-01,27,81864.0,0.2786,46942.72
965,2025-05-01,27,137411.39,0.2664,71277.35
966,2025-06-01,27,141735.23,0.2644,64248.06
967,2025-07-01,27,80559.76,0.2741,34836.33
968,2025-08-01,27,54993.68,0.3197,30626.66
969,2025-09-01,27,77821.91,0.2569,37217.91
970,2025-10-01,27,53417.77,0.1977,25194.01
971,2025-11-01,27,78282.28,0.1708,44600.24
972,2025-12-01,27,118361.7,0.3105,72087.17
973,2023-01-01,28,108058.14,0.3095,46145.47
974,2023-02-01,28,83581.08,0.262,50117.79
975,2023-03-01,28,90273.55,0.202,34514.64
976,2023-04-01,28,109004.11,0.1614,61112.23
977,2023-05-01,28,103259.54,0.2367,61170.06
978,2023-06-01,28,54169.11,0.1848,28502.89
979,2023-07-01,28,51150.5,0.3098,28239.75
980,2023-08-01,28,59301.12,0.3226,32019.94
981,2023-09-01,28,71918.51,0.2679,31477.28
982,2023-10-01,28,71844.67,0.1701,31201.03
983,2023-11-01,28,79316.63,0.1791,42159.97
984,2023-12-01,28,114080.52,0.2626,67880.59
985,2024-01-01,28,81472.28,0.1943,43528.69
986,2024-02-01,28,102032.25,0.207,51437.28
987,2024-03-01,28,43195.97,0.3398,18308.02
988,2024-04-01,28,113985.94,0.3396,68976.75
989,2024-05-01,28,73060.74,0.2391,43112.15
990,2024-06-01,28,66941.35,0.2558,33443.72
991,2024-07-01,28,72043.55,0.3311,36976.93
992,2024-08-01,28,45666.46,0.2718,27987.83
993,2024-09-01,28,41983.06,0.279,25800.6
994,2024-10-01,28,90388.64,0.1877,52778.21
995,2024-11-01,28,64011.51,0.243,29584.17
996,2024-12-01,28,51556.81,0.3334,22522.98
997,2025-01-01,28,94071.24,0.2132,50402.0
998,2025-02-01,28,81934.68,0.2253,50252.28
999,2025-03-01,28,77056.73,0.2638,40236.89
1000,2025-04-01,28,100210.98,0.3282,53269.72
1001,2025-05-01,28,108713.31,0.3265,45376.29
1002,2025-06-01,28,95539.12,0.2879,58444.48
1003,2025-07-01,28,37893.63,0.1783,15740.43
1004,2025-08-01,28,47155.68,0.2734,27644.64
1005,2025-09-01,28,113765.48,0.2155,58952.49
1006,2025-10-01,28,44624.89,0.2615,21433.98
1007,2025-11-01,28,86644.55,0.2228,46012.75
1008,2025-12-01,28,81950.61,0.2489,37745.15
1009,2023-01-01,29,83541.61,0.3376,47745.77
1010,2023-02-01,29,112857.06,0.2561,53892.59
1011,2023-03-01,29,120421.11,0.2414,55211.78
1012,2023-04-01,29,161175.58,0.3262,81640.71
1013,2023-05-01,29,130591.35,0.1673,75381.18
1014,2023-06-01,29,78731.93,0.2515,44450.37
1015,2023-07-01,29,92413.65,0.2571,46683.92
1016,2023-08-01,29,67842.06,0.2613,35829.51
1017,2023-09-01,29,118214.22,0.3354,67232.52
1018,2023-10-01,29,79993.34,0.1934,33719.19
1019,2023-11-01,29,112853.03,0.222,47511.3
1020,2023-12-01,29,181902.26,0.2664,77278.57
1021,2024-01-01,29,87048.93,0.25,37460.11
1022,2024-02-01,29,108437.09,0.3372,48557.09
1023,2024-03-01,29,166392.75,0.2235,93890.69
1024,2024-04-01,29,127737.96,0.3174,67155.58
1025,2024-05-01,29,150012.33,0.256,79196.14
1026,2024-06-01,29,128149.61,0.2607,57896.23
1027,2024-07-01,29,77990.35,0.171,41011.37
1028,2024-08-01,29,69403.83,0.3195,42778.94
1029,2024-09-01,29,86094.58,0.1832,47598.37
1030,2024-10-01,29,84762.73,0.2315,51436.46
1031,2024-11-01,29,112136.26,0.3109,65433.12
1032,2024-12-01,29,93933.52,0.273,48000.14
1033,2025-01-01,29,171432.0,0.2385,98368.8
1034,2025-02-01,29,108854.35,0.2779,49159.52
1035,2025-03-01,29,162846.12,0.232,75762.2
1036,2025-04-01,29,170067.76,0.2199,80002.63
1037,2025-05-01,29,82437.97,0.1837,38588.02
1038,2025-06-01,29,174260.18,0.2513,73185.91
1039,2025-07-01,29,71455.09,0.2122,33960.27
1040,2025-08-01,29,135817.15,0.1673,58654.81
1041,2025-09-01,29,133233.84,0.1888,59969.58
1042,2025-10-01,29,130799.41,0.3271,51943.73
1043,2025-11-01,29,159070.92,0.2104,68096.27
1044,2025-12-01,29,125256.84,0.1829,74580.54
1045,2023-01-01,30,125315.63,0.2649,60997.89
1046,2023-02-01,30,94586.89,0.2307,49279.07
1047,2023-03-01,30,82101.89,0.242,37988.6
1048,2023-04-01,30,98700.62,0.2198,38001.48
1049,2023-05-01,30,122345.21,0.2493,48668.59
1050,2023-06-01,30,55478.36,0.1672,24851.41
1051,2023-07-01,30,120693.05,0.1928,46456.77
1052,2023-08-01,30,43689.56,0.321,24421.99
1053,2023-09-01,30,81041.8,0.3279,49821.63
1054,2023-10-01,30,104133.31,0.293,59072.61
1055,2023-11-01,30,44657.63,0.2141,21296.38
1056,2023-12-01,30,130704.19,0.3148,59846.82
1057,2024-01-01,30,96257.61,0.2561,51921.64
1058,2024-02-01,30,130831.51,0.2448,74092.92
1059,2024-03-01,30,68647.22,0.2155,39147.35
1060,2024-04-01,30,81618.58,0.2879,49921.95
1061,2024-05-01,30,72900.8,0.2277,40493.05
1062,2024-06-01,30,80430.4,0.192,33469.24
1063,2024-07-01,30,105825.27,0.2763,40933.8
1064,2024-08-01,30,113087.6,0.3024,65108.93
1065,2024-09-01,30,93954.41,0.1711,41764.46
1066,2024-10-01,30,117594.6,0.2851,44766.03
1067,2024-11-01,30,120211.11,0.231,58352.03
1068,2024-12-01,30,121045.23,0.2676,70560.53
1069,2025-01-01,30,121236.6,0.2231,50899.42
1070,2025-02-01,30,56465.54,0.1893,23291.37
1071,2025-03-01,30,108967.0,0.2924,42822.44
1072,2025-04-01,30,87506.93,0.2233,50591.31
1073,2025-05-01,30,97835.37,0.2082,52359.53
1074,2025-06-01,30,92725.57,0.2357,55340.88
1075,2025-07-01,30,107872.74,0.2118,45230.98
1076,2025-08-01,30,130004.84,0.3261,51979.51
1077,2025-09-01,30,105470.25,0.3159,63623.14
1078,2025-10-01,30,88064.11,0.1686,44888.32
1079,2025-11-01,30,55464.78,0.3008,29344.88
1080,2025-12-01,30,51199.17,0.2888,30905.3
1081,2023-01-01,31,103736.01,0.2161,51092.0
1082,2023-02-01,31,81820.34,0.2997,43308.78
1083,2023-03-01,31,107307.52,0.2719,62690.27
1084,2023-04-01,31,49099.91,0.2008,24860.04
1085,2023-05-01,31,132049.95,0.1882,57070.69
1086,2023-06-01,31,72187.68,0.3177,39502.75
1087,2023-07-01,31,124540.37,0.3302,48475.14
1088,2023-08-01,31,98240.46,0.2741,52281.24
1089,2023-09-01,31,90087.98,0.291,44033.91
1090,2023-10-01,31,90682.71,0.2317,42703.95
1091,2023-11-01,31,67984.72,0.3035,41643.26
1092,2023-12-01,31,46284.8,0.2735,23716.24
1093,2024-01-01,31,69407.78,0.3124,32723.67
1094,2024-02-01,31,65057.81,0.2624,26484.08
1095,2024-03-01,31,115550.39,0.3226,58505.03
1096,2024-04-01,31,134002.54,0.2592,56697.92
1097,2024-05-01,31,57101.98,0.2514,34771.12
1098,2024-06-01,31,82517.1,0.2086,49426.58
1099,2024-07-01,31,95326.77,0.2663,42663.4
1100,2024-08-01,31,44579.25,0.1851,18131.79
1101,2024-09-01,31,130163.77,0.32,75294.16
1102,2024-10-01,31,63946.05,0.2518,34904.47
1103,2024-11-01,31,85061.12,0.3162,43553.27
1104,2024-12-01,31,48200.88,0.2699,25306.49
1105,2025-01-01,31,53942.93,0.2517,22407.91
1106,2025-02-01,31,59180.88,0.2424,36593.43
1107,2025-03-01,31,72919.42,0.205,30101.32
1108,2025-04-01,31,63072.92,0.1797,34405.96
1109,2025-05-01,31,82404.39,0.2856,48259.12
1110,2025-06-01,31,46356.13,0.1872,19573.48
1111,2025-07-01,31,88669.13,0.2932,45940.8
1112,2025-08-01,31,81197.0,0.1888,44506.95
1113,2025-09-01,31,81307.49,0.1875,34247.82
1114,2025-10-01,31,94651.51,0.2058,48788.72
1115,2025-11-01,31,50255.0,0.2229,27565.27
1116,2025-12-01,31,85902.69,0.2419,39797.66
1117,2023-01-01,32,39230.03,0.1807,14913.78
1118,2023-02-01,32,50868.29,0.2242,26102.76
1119,2023-03-01,32,50673.32,0.2118,29551.58
1120,2023-04-01,32,113049.82,0.1859,52488.77
1121,2023-05-01,32,97696.59,0.2953,51695.51
1122,2023-06-01,32,43978.11,0.2639,17005.54
1123,2023-07-01,32,94465.69,0.2407,40118.94
1124,2023-08-01,32,58751.03,0.2415,34114.29
1125,2023-09-01,32,113658.19,0.1624,67045.18
1126,2023-10-01,32,63343.18,0.236,37183.15
1127,2023-11-01,32,50089.24,0.3322,19495.17
1128,2023-12-01,32,52233.97,0.2332,23096.04
1129,2024-01-01,32,103377.68,0.3083,43778.7
1130,2024-02-01,32,79724.52,0.1915,48228.8
1131,2024-03-01,32,68907.6,0.2088,34917.09
1132,2024-04-01,32,105289.72,0.2974,45285.29
1133,2024-05-01,32,45686.38,0.2718,19883.38
1134,2024-06-01,32,91100.46,0.3247,49866.73
1135,2024-07-01,32,84805.66,0.309,48491.32
1136,2024-08-01,32,43785.15,0.3177,24535.35
1137,2024-09-01,32,96104.23,0.3266,47336.09
1138,2024-10-01,32,71353.7,0.1974,41311.49
1139,2024-11-01,32,88659.67,0.2003,52513.74
1140,2024-12-01,32,73795.12,0.3196,37512.44
1141,2025-01-01,32,48059.69,0.2898,27104.67
1142,2025-02-01,32,38924.6,0.1633,19959.1
1143,2025-03-01,32,113079.9,0.3058,55706.31
1144,2025-04-01,32,100064.18,0.2107,59404.79
1145,2025-05-01,32,91179.2,0.164,35295.56
1146,2025-06-01,32,41592.97,0.2359,24211.82
1147,2025-07-01,32,64699.4,0.2,30469.94
1148,2025-08-01,32,37500.74,0.2813,23059.34
1149,2025-09-01,32,95599.13,0.2504,59244.02
1150,2025-10-01,32,105249.21,0.2771,56949.18
1151,2025-11-01,32,53624.42,0.235,29326.27
1152,2025-12-01,32,81229.73,0.2423,40649.76
1153,2023-01-01,33,120581.21,0.2701,57233.71
1154,2023-02-01,33,84129.57,0.1746,45510.09
1155,2023-03-01,33,117229.57,0.2916,67440.75
1156,2023-04-01,33,133405.64,0.2329,76478.88
1157,2023-05-01,33,90075.65,0.2575,34375.99
1158,2023-06-01,33,93140.91,0.2225,56461.56
1159,2023-07-01,33,104433.18,0.3361,49041.51
1160,2023-08-01,33,128315.99,0.25,49186.86
1161,2023-09-01,33,80380.45,0.1829,32560.26
1162,2023-10-01,33,133007.59,0.187,68527.14
1163,2023-11-01,33,55038.29,0.3104,25543.16
1164,2023-12-01,33,121601.8,0.2522,69373.49
1165,2024-01-01,33,70399.59,0.1865,29250.36
1166,2024-02-01,33,117247.65,0.3158,68116.96
1167,2024-03-01,33,90552.29,0.1817,50843.85
1168,2024-04-01,33,59863.17,0.2167,25174.6
1169,2024-05-01,33,126750.76,0.2267,70704.96
1170,2024-06-01,33,54000.5,0.2843,21882.67
1171,2024-07-01,33,122213.9,0.2293,61323.0
1172,2024-08-01,33,44258.41,0.2451,18465.02
1173,2024-09-01,33,96301.0,0.244,49297.66
1174,2024-10-01,33,111120.07,0.1632,65844.69
1175,2024-11-01,33,76371.37,0.3027,38740.31
1176,2024-12-01,33,51133.0,0.1959,22392.99
1177,2025-01-01,33,84044.55,0.3118,37890.33
1178,2025-02-01,33,67650.2,0.1697,31811.77
1179,2025-03-01,33,70934.12,0.2558,38124.86
1180,2025-04-01,33,64382.16,0.2793,30327.25
1181,2025-05-01,33,130933.47,0.2541,62946.51
1182,2025-06-01,33,84729.44,0.307,34255.83
1183,2025-07-01,33,46851.53,0.2135,21175.51
1184,2025-08-01,33,92769.87,0.1796,47120.85
1185,2025-09-01,33,120597.0,0.2286,65508.53
1186,2025-10-01,33,72403.12,0.242,28223.75
1187,2025-11-01,33,84443.28,0.1718,35078.99
1188,2025-12-01,33,125154.67,0.2356,54175.58
1189,2023-01-01,34,186145.81,0.1699,113677.97
1190,2023-02-01,34,202148.32,0.219,113500.02
1191,2023-03-01,34,207413.77,0.3252,87471.9
1192,2023-04-01,34,137549.75,0.3239,85119.06
1193,2023-05-01,34,75600.75,0.2645,38593.64
1194,2023-06-01,34,91260.58,0.2926,50075.2
1195,2023-07-01,34,128050.98,0.2778,73163.89
1196,2023-08-01,34,132624.56,0.2966,64583.35
1197,2023-09-01,34,104457.38,0.2851,56240.51
1198,2023-10-01,34,160535.88,0.2769,74794.6
1199,2023-11-01,34,118664.63,0.2642,72685.05
1200,2023-12-01,34,189719.41,0.285,78050.67
1201,2024-01-01,34,68031.73,0.2049,36264.6
1202,2024-02-01,34,109030.77,0.2392,54060.57
1203,2024-03-01,34,202023.86,0.2246,78849.58
1204,2024-04-01,34,170192.92,0.2766,77812.13
1205,2024-05-01,34,156908.78,0.1982,82516.49
1206,2024-06-01,34,178155.28,0.251,92116.95
1207,2024-07-01,34,203979.62,0.2778,104836.73
1208,2024-08-01,34,76938.52,0.2866,29602.44
1209,2024-09-01,34,74218.57,0.2216,33555.14
1210,2024-10-01,34,134619.9,0.231,65025.04
1211,2024-11-01,34,85180.32,0.1829,35661.23
1212,2024-12-01,34,175348.45,0.1904,74413.09
1213,2025-01-01,34,105346.76,0.333,59885.19
1214,2025-02-01,34,192136.34,0.2069,77007.76
1215,2025-03-01,34,206066.95,0.2654,112876.62
1216,2025-04-01,34,106029.58,0.3181,58605.15
1217,2025-05-01,34,96323.55,0.2146,50982.64
1218,2025-06-01,34,208081.91,0.2541,94076.61
1219,2025-07-01,34,173339.03,0.2409,70270.95
1220,2025-08-01,34,149043.75,0.3277,62149.82
1221,2025-09-01,34,133524.19,0.2407,69277.45
1222,2025-10-01,34,97789.43,0.1974,39805.13
1223,2025-11-01,34,134775.47,0.2681,74249.75
1224,2025-12-01,34,134923.67,0.2275,58423.99
1225,2023-01-01,35,175115.25,0.3032,90006.54
1226,2023-02-01,35,149143.88,0.2186,86987.03
1227,2023-03-01,35,70783.1,0.2527,37701.37
1228,2023-04-01,35,161742.34,0.3094,84721.87
1229,2023-05-01,35,79873.68,0.2771,32534.62
1230,2023-06-01,35,114189.4,0.1692,53568.32
1231,2023-07-01,35,174571.47,0.2756,105459.25
1232,2023-08-01,35,152057.32,0.2708,70297.46
1233,2023-09-01,35,99281.78,0.2715,55926.13
1234,2023-10-01,35,140642.18,0.323,82640.78
1235,2023-11-01,35,68427.49,0.1887,36328.12
1236,2023-12-01,35,85429.05,0.1629,40661.78
1237,2024-01-01,35,74189.33,0.2754,38570.85
1238,2024-02-01,35,70246.55,0.3002,36233.5
1239,2024-03-01,35,76582.14,0.2869,32191.91
1240,2024-04-01,35,66752.74,0.2619,28851.46
1241,2024-05-01,35,105318.46,0.2468,49563.38
1242,2024-06-01,35,66838.23,0.2229,26801.31
1243,2024-07-01,35,179784.07,0.1764,90477.37
1244,2024-08-01,35,85735.01,0.2665,47173.85
1245,2024-09-01,35,184287.48,0.2366,80920.84
1246,2024-10-01,35,164224.57,0.1797,76794.21
1247,2024-11-01,35,167313.83,0.2562,94905.87
1248,2024-12-01,35,142676.93,0.2842,68676.79
1249,2025-01-01,35,88909.43,0.2593,50369.85
1250,2025-02-01,35,137847.78,0.2192,72798.96
1251,2025-03-01,35,88766.87,0.2053,54770.59
1252,2025-04-01,35,128911.66,0.3176,48994.25
1253,2025-05-01,35,166218.65,0.3154,81874.67
1254,2025-06-01,35,111317.46,0.2909,46528.59
1255,2025-07-01,35,81872.88,0.2712,45220.38
1256,2025-08-01,35,163836.51,0.2278,91076.01
1257,2025-09-01,35,65628.09,0.2059,26983.52
1258,2025-10-01,35,77211.33,0.2137,46026.36
1259,2025-11-01,35,92246.21,0.1803,46050.33
1260,2025-12-01,35,182748.64,0.163,77909.51
1261,2023-01-01,36,72652.63,0.3194,42791.23
1262,2023-02-01,36,69048.29,0.1901,27955.99
1263,2023-03-01,36,52531.46,0.2603,23192.57
1264,2023-04-01,36,42582.02,0.2413,19339.9
1265,2023-05-01,36,57697.24,0.1756,25645.17
1266,2023-06-01,36,59952.17,0.2269,24072.41
1267,2023-07-01,36,71489.93,0.2223,40026.96
1268,2023-08-01,36,47912.11,0.2388,19291.85
1269,2023-09-01,36,82788.21,0.2977,42847.01
1270,2023-10-01,36,101714.11,0.3279,45931.49
1271,2023-11-01,36,82289.92,0.321,36494.9
1272,2023-12-01,36,58491.5,0.1877,22354.48
1273,2024-01-01,36,67470.82,0.2013,32060.85
1274,2024-02-01,36,45925.59,0.2157,20646.87
1275,2024-03-01,36,71049.97,0.1825,37859.99
1276,2024-04-01,36,57124.43,0.2306,34176.42
1277,2024-05-01,36,47127.59,0.2129,26220.26
1278,2024-06-01,36,60888.47,0.3074,34927.02
1279,2024-07-01,36,101708.84,0.2346,56105.96
1280,2024-08-01,36,49400.73,0.2164,27135.7
1281,2024-09-01,36,61235.73,0.2574,27046.95
1282,2024-10-01,36,60764.43,0.2587,36746.66
1283,2024-11-01,36,45304.58,0.3226,25683.35
1284,2024-12-01,36,49731.07,0.2429,25095.05
1285,2025-01-01,36,104893.1,0.1966,58771.11
1286,2025-02-01,36,52273.73,0.1759,20949.6
1287,2025-03-01,36,95946.04,0.2744,40744.38
1288,2025-04-01,36,46163.6,0.2892,20052.35
1289,2025-05-01,36,60266.41,0.2455,28515.9
1290,2025-06-01,36,101620.24,0.2254,60228.66
1291,2025-07-01,36,78937.77,0.3081,31666.2
1292,2025-08-01,36,92228.04,0.1753,37382.62
1293,2025-09-01,36,60104.53,0.3251,32939.1
1294,2025-10-01,36,65167.09,0.2064,32870.81
1295,2025-11-01,36,70892.83,0.1907,38260.06
1296,2025-12-01,36,34722.93,0.2879,16167.4
1297,2023-01-01,37,52191.73,0.178,29273.35
1298,2023-02-01,37,107403.46,0.281,63055.28
1299,2023-03-01,37,85922.37,0.1922,52107.81
1300,2023-04-01,37,122945.26,0.3226,70538.01
1301,2023-05-01,37,97214.18,0.3022,37342.73
1302,2023-06-01,37,109715.46,0.239,64783.37
1303,2023-07-01,37,133301.81,0.2915,62350.0
1304,2023-08-01,37,45971.86,0.3136,27228.86
1305,2023-09-01,37,77679.19,0.2573,41387.72
1306,2023-10-01,37,60144.07,0.308,28153.02
1307,2023-11-01,37,49917.75,0.1993,23648.36
1308,2023-12-01,37,73107.76,0.2596,38153.78
1309,2024-01-01,37,108278.64,0.3265,58976.72
1310,2024-02-01,37,73429.74,0.24,32674.92
1311,2024-03-01,37,84618.75,0.222,34728.22
1312,2024-04-01,37,101298.79,0.3227,49094.65
1313,2024-05-01,37,51506.04,0.18,25097.32
1314,2024-06-01,37,128848.13,0.1687,58439.66
1315,2024-07-01,37,77939.02,0.3205,41578.2
1316,2024-08-01,37,88507.13,0.3188,53553.83
1317,2024-09-01,37,96483.21,0.3,53136.12
1318,2024-10-01,37,44381.2,0.2525,22068.38
1319,2024-11-01,37,116038.61,0.2478,60875.89
1320,2024-12-01,37,131317.79,0.2332,56513.49
1321,2025-01-01,37,108259.77,0.2801,50026.66
1322,2025-02-01,37,81192.04,0.2153,39919.29
1323,2025-03-01,37,122062.21,0.2058,60007.98
1324,2025-04-01,37,88650.34,0.2973,44107.4
1325,2025-05-01,37,81182.65,0.308,49601.78
1326,2025-06-01,37,53677.99,0.3294,31073.38
1327,2025-07-01,37,60762.66,0.2507,24995.43
1328,2025-08-01,37,95747.45,0.1895,46211.3
1329,2025-09-01,37,66017.3,0.28,32923.52
1330,2025-10-01,37,103960.84,0.2273,51494.13
1331,2025-11-01,37,101230.33,0.1763,55283.17
1332,2025-12-01,37,55350.73,0.198,25888.07
1333,2023-01-01,38,133543.63,0.3018,65169.35
1334,2023-02-01,38,106397.08,0.318,47976.39
1335,2023-03-01,38,171634.14,0.1663,98387.99
1336,2023-04-01,38,152235.81,0.172,67794.04
1337,2023-05-01,38,92924.74,0.3129,56234.62
1338,2023-06-01,38,176277.81,0.1666,81739.36
1339,2023-07-01,38,122716.41,0.3213,73853.01
1340,2023-08-01,38,96817.3,0.205,44224.09
1341,2023-09-01,38,153696.68,0.1821,77369.94
1342,2023-10-01,38,108129.42,0.2937,54858.78
1343,2023-11-01,38,80796.7,0.303,31983.47
1344,2023-12-01,38,75604.08,0.2131,33974.42
1345,2024-01-01,38,104513.33,0.2844,40447.02
1346,2024-02-01,38,193042.6,0.2746,74284.56
1347,2024-03-01,38,63360.39,0.2066,26834.57
1348,2024-04-01,38,121774.46,0.2425,72214.31
1349,2024-05-01,38,91485.75,0.1946,38598.95
1350,2024-06-01,38,174178.04,0.2967,85892.81
1351,2024-07-01,38,174399.85,0.173,106125.99
1352,2024-08-01,38,163743.81,0.2102,85208.67
1353,2024-09-01,38,120445.42,0.327,53037.75
1354,2024-10-01,38,152308.77,0.1725,92321.6
1355,2024-11-01,38,117369.38,0.3009,66428.52
1356,2024-12-01,38,189964.07,0.3293,82086.25
1357,2025-01-01,38,127475.99,0.2834,75800.86
1358,2025-02-01,38,117465.34,0.2248,55478.13
1359,2025-03-01,38,107003.67,0.2595,47103.99
1360,2025-04-01,38,169457.94,0.2783,91892.9
1361,2025-05-01,38,73956.37,0.218,29157.15
1362,2025-06-01,38,147525.12,0.2481,68854.64
1363,2025-07-01,38,162051.59,0.2793,66082.69
1364,2025-08-01,38,172382.33,0.2684,99107.0
1365,2025-09-01,38,131742.29,0.3294,57924.03
1366,2025-10-01,38,119174.26,0.3003,73180.73
1367,2025-11-01,38,143177.0,0.2683,87813.38
1368,2025-12-01,38,183942.48,0.1806,104908.46
1369,2023-01-01,39,59602.12,0.2565,25868.25
1370,2023-02-01,39,95829.98,0.3315,46256.71
1371,2023-03-01,39,92417.46,0.1741,40381.69
1372,2023-04-01,39,69229.86,0.175,27287.02
1373,2023-05-01,39,89535.46,0.2944,44843.76
1374,2023-06-01,39,114444.62,0.1637,52110.05
1375,2023-07-01,39,97049.04,0.3052,57483.52
1376,2023-08-01,39,101962.26,0.1863,54969.81
1377,2023-09-01,39,90204.74,0.2899,36564.53
1378,2023-10-01,39,98031.39,0.2424,51014.72
1379,2023-11-01,39,122357.08,0.1689,59546.45
1380,2023-12-01,39,114693.21,0.2252,66723.67
1381,2024-01-01,39,56738.42,0.2333,33314.93
1382,2024-02-01,39,95096.69,0.2222,49068.34
1383,2024-03-01,39,122625.36,0.3293,49049.77
1384,2024-04-01,39,91528.78,0.2663,46243.18
1385,2024-05-01,39,89793.14,0.2093,36665.28
1386,2024-06-01,39,45737.68,0.1612,20623.8
1387,2024-07-01,39,81538.34,0.312,43599.82
1388,2024-08-01,39,90361.69,0.2458,38039.52
1389,2024-09-01,39,96757.77,0.2939,48126.3
1390,2024-10-01,39,46811.96,0.2224,26819.84
1391,2024-11-01,39,58505.13,0.2988,27846.83
1392,2024-12-01,39,121553.36,0.3329,71582.89
1393,2025-01-01,39,116244.64,0.2388,55412.89
1394,2025-02-01,39,92023.07,0.3094,56815.31
1395,2025-03-01,39,123437.72,0.2469,47547.93
1396,2025-04-01,39,127255.24,0.2401,65758.33
1397,2025-05-01,39,99829.42,0.182,58356.94
1398,2025-06-01,39,47805.3,0.1693,24736.17
1399,2025-07-01,39,49072.42,0.3277,21130.5
1400,2025-08-01,39,116489.69,0.2785,56522.98
1401,2025-09-01,39,128027.62,0.2035,79284.41
1402,2025-10-01,39,67956.99,0.2659,35960.07
1403,2025-11-01,39,125165.87,0.2123,61651.1
1404,2025-12-01,39,48092.68,0.3335,23266.92
1405,2023-01-01,40,163834.26,0.1633,96846.5
1406,2023-02-01,40,101972.14,0.2816,40369.42
1407,2023-03-01,40,86732.69,0.2561,33964.07
1408,2023-04-01,40,88105.19,0.2909,44814.25
1409,2023-05-01,40,162747.52,0.3233,75065.16
1410,2023-06-01,40,126193.84,0.2311,51981.83
1411,2023-07-01,40,82647.32,0.3317,40229.3
1412,2023-08-01,40,114381.31,0.3258,70393.93
1413,2023-09-01,40,156007.24,0.2585,62583.49
1414,2023-10-01,40,62166.91,0.2826,26340.17
1415,2023-11-01,40,113885.77,0.1704,65276.36
1416,2023-12-01,40,126453.56,0.1995,56937.81
1417,2024-01-01,40,149114.58,0.3016,71346.53
1418,2024-02-01,40,126985.27,0.2296,77174.24
1419,2024-03-01,40,90201.04,0.23,39000.61
1420,2024-04-01,40,77087.13,0.1859,32416.65
1421,2024-05-01,40,68038.31,0.3391,30668.97
1422,2024-06-01,40,74525.94,0.3272,42342.56
1423,2024-07-01,40,104658.22,0.1975,50944.89
1424,2024-08-01,40,173490.31,0.2761,91510.1
1425,2024-09-01,40,101559.35,0.3004,62155.62
1426,2024-10-01,40,144304.33,0.1991,56257.91
1427,2024-11-01,40,134987.08,0.2388,51329.2
1428,2024-12-01,40,87432.85,0.1874,38987.37
1429,2025-01-01,40,156565.94,0.191,62163.06
1430,2025-02-01,40,120401.3,0.1727,48625.3
1431,2025-03-01,40,102083.52,0.3228,59352.54
1432,2025-04-01,40,157905.18,0.3045,65687.14
1433,2025-05-01,40,119762.24,0.1988,60873.09
1434,2025-06-01,40,166443.73,0.2263,96148.53
1435,2025-07-01,40,160334.9,0.1885,80211.34
1436,2025-08-01,40,168447.3,0.164,95523.4
1437,2025-09-01,40,88958.53,0.2815,50616.54
1438,2025-10-01,40,69328.69,0.2655,37204.17
1439,2025-11-01,40,127829.73,0.2507,56006.15
1440,2025-12-01,40,105220.13,0.2141,44352.09
1441,2023-01-01,41,164494.14,0.2328,71908.6
1442,2023-02-01,41,92161.75,0.2992,43794.36
1443,2023-03-01,41,160954.61,0.2245,79359.76
1444,2023-04-01,41,158558.83,0.3207,61533.3
1445,2023-05-01,41,144892.0,0.2846,85018.9
1446,2023-06-01,41,69074.96,0.1788,36316.61
1447,2023-07-01,41,172212.62,0.3029,80043.25
1448,2023-08-01,41,189391.48,0.2869,73771.25
1449,2023-09-01,41,102231.61,0.2418,41255.61
1450,2023-10-01,41,203775.32,0.2455,101600.69
1451,2023-11-01,41,206440.72,0.2123,79226.76
1452,2023-12-01,41,191482.28,0.3326,75551.48
1453,2024-01-01,41,147288.5,0.2756,85262.51
1454,2024-02-01,41,78175.33,0.2006,41449.45
1455,2024-03-01,41,113090.32,0.3336,60212.52
1456,2024-04-01,41,187191.94,0.3052,111209.16
1457,2024-05-01,41,111313.29,0.1865,67699.79
1458,2024-06-01,41,113931.25,0.183,59195.14
1459,2024-07-01,41,125701.68,0.1801,54352.86
1460,2024-08-01,41,201221.21,0.1926,79417.35
1461,2024-09-01,41,163697.38,0.3028,85488.19
1462,2024-10-01,41,69505.83,0.1939,41523.07
1463,2024-11-01,41,69140.83,0.166,42326.26
1464,2024-12-01,41,66611.25,0.3054,31686.24
1465,2025-01-01,41,138374.69,0.3158,67718.19
1466,2025-02-01,41,149351.96,0.2513,66515.7
1467,2025-03-01,41,117622.93,0.3114,65925.73
1468,2025-04-01,41,137735.74,0.2347,68106.22
1469,2025-05-01,41,196466.25,0.2283,111900.43
1470,2025-06-01,41,97451.65,0.1671,49649.04
1471,2025-07-01,41,138341.53,0.3066,68457.51
1472,2025-08-01,41,130387.25,0.2918,58696.96
1473,2025-09-01,41,83995.26,0.177,44763.65
1474,2025-10-01,41,102460.91,0.2289,61179.25
1475,2025-11-01,41,134011.39,0.1825,70687.81
1476,2025-12-01,41,102748.7,0.188,47149.71
1477,2023-01-01,42,57563.12,0.3342,31180.56
1478,2023-02-01,42,69706.97,0.3338,28974.2
1479,2023-03-01,42,77476.15,0.1722,40736.22
1480,2023-04-01,42,78548.5,0.1732,32923.43
1481,2023-05-01,42,130001.54,0.2799,71702.52
1482,2023-06-01,42,127463.23,0.2649,53263.78
1483,2023-07-01,42,59019.07,0.2426,25925.05
1484,2023-08-01,42,72444.65,0.1806,33316.72
1485,2023-09-01,42,84096.75,0.3088,49950.78
1486,2023-10-01,42,129346.54,0.3356,59536.84
1487,2023-11-01,42,132041.4,0.2255,80595.47
1488,2023-12-01,42,96331.52,0.2446,51052.45
1489,2024-01-01,42,52700.36,0.3131,30161.17
1490,2024-02-01,42,57546.7,0.2374,30249.13
1491,2024-03-01,42,60717.28,0.2471,27195.31
1492,2024-04-01,42,124356.66,0.3235,62964.28
1493,2024-05-01,42,118128.77,0.1814,49806.31
1494,2024-06-01,42,102723.32,0.174,43045.03
1495,2024-07-01,42,133740.17,0.305,60942.9
1496,2024-08-01,42,134032.51,0.2947,53445.91
1497,2024-09-01,42,102206.51,0.2562,60529.59
1498,2024-10-01,42,50850.87,0.1765,24897.67
1499,2024-11-01,42,108869.49,0.2514,41682.11
1500,2024-12-01,42,142705.06,0.2042,78208.67
1501,2025-01-01,42,109037.23,0.2353,58185.81
1502,2025-02-01,42,61011.57,0.2341,36921.53
1503,2025-03-01,42,82678.64,0.2065,37071.46
1504,2025-04-01,42,112231.6,0.2842,44119.25
1505,2025-05-01,42,107958.6,0.3001,43988.1
1506,2025-06-01,42,136800.51,0.2785,59972.34
1507,2025-07-01,42,120129.96,0.3335,54502.29
1508,2025-08-01,42,59480.36,0.3,30151.37
1509,2025-09-01,42,50402.59,0.2582,28972.4
1510,2025-10-01,42,115908.68,0.2717,60756.75
1511,2025-11-01,42,62307.9,0.2961,29678.6
1512,2025-12-01,42,138631.98,0.3396,83785.61
1513,2023-01-01,43,182005.03,0.2308,84411.3
1514,2023-02-01,43,139961.26,0.2624,63994.92
1515,2023-03-01,43,114302.11,0.2641,66329.33
1516,2023-04-01,43,120737.51,0.3142,54712.48
1517,2023-05-01,43,117219.01,0.1842,58513.89
1518,2023-06-01,43,95830.11,0.2498,58090.98
1519,2023-07-01,43,141908.31,0.2602,79070.36
1520,2023-08-01,43,170114.61,0.1758,97097.38
1521,2023-09-01,43,149584.4,0.1866,88307.0
1522,2023-10-01,43,93360.89,0.1773,53914.87
1523,2023-11-01,43,72168.9,0.322,33733.59
1524,2023-12-01,43,63757.55,0.3018,35891.9
1525,2024-01-01,43,126297.75,0.3095,74108.63
1526,2024-02-01,43,101663.24,0.1672,40201.15
1527,2024-03-01,43,168801.6,0.1875,79365.65
1528,2024-04-01,43,113054.43,0.2022,55728.42
1529,2024-05-01,43,73424.97,0.3018,31267.2
1530,2024-06-01,43,134172.86,0.1799,55784.45
1531,2024-07-01,43,135347.9,0.1837,58924.47
1532,2024-08-01,43,88885.43,0.1937,53707.94
1533,2024-09-01,43,134644.66,0.3031,66978.77
1534,2024-10-01,43,158955.93,0.2864,97456.3
1535,2024-11-01,43,92359.29,0.2768,49568.9
1536,2024-12-01,43,131582.29,0.1658,56683.07
1537,2025-01-01,43,71331.83,0.1899,33622.42
1538,2025-02-01,43,82292.28,0.205,37649.55
1539,2025-03-01,43,84414.32,0.3105,38348.99
1540,2025-04-01,43,68240.68,0.1856,37463.62
1541,2025-05-01,43,92967.7,0.2042,51402.46
1542,2025-06-01,43,110516.26,0.1756,60186.88
1543,2025-07-01,43,185667.75,0.2447,90495.96
1544,2025-08-01,43,173315.0,0.3123,75300.24
1545,2025-09-01,43,74299.95,0.3027,43462.74
1546,2025-10-01,43,150111.56,0.1686,78646.79
1547,2025-11-01,43,144871.57,0.2428,69663.62
1548,2025-12-01,43,69008.79,0.2487,36287.83
1549,2023-01-01,44,102452.53,0.1953,48531.26
1550,2023-02-01,44,66961.23,0.2261,29262.24
1551,2023-03-01,44,103760.8,0.2252,55196.38
1552,2023-04-01,44,92389.53,0.2991,45534.17
1553,2023-05-01,44,83974.38,0.2767,40288.31
1554,2023-06-01,44,49260.59,0.2485,23595.91
1555,2023-07-01,44,41034.17,0.3242,22937.19
1556,2023-08-01,44,73553.62,0.3158,44451.32
1557,2023-09-01,44,49223.85,0.1819,21991.44
1558,2023-10-01,44,65633.73,0.2203,28986.42
1559,2023-11-01,44,107723.37,0.2791,45414.0
1560,2023-12-01,44,98586.72,0.175,49316.51
1561,2024-01-01,44,73733.56,0.1781,28292.19
1562,2024-02-01,44,109113.43,0.2515,65794.37
1563,2024-03-01,44,105753.84,0.1635,62310.34
1564,2024-04-01,44,82195.53,0.1735,34751.3
1565,2024-05-01,44,61877.06,0.3195,34576.64
1566,2024-06-01,44,100376.18,0.2176,49323.7
1567,2024-07-01,44,62519.27,0.3269,29606.49
1568,2024-08-01,44,66055.79,0.2954,26912.7
1569,2024-09-01,44,104828.71,0.3116,62007.33
1570,2024-10-01,44,54773.12,0.2953,23227.71
1571,2024-11-01,44,75371.78,0.2921,43198.81
1572,2024-12-01,44,74136.99,0.2282,41313.6
1573,2025-01-01,44,43189.32,0.2412,24611.51
1574,2025-02-01,44,57813.65,0.2619,26093.21
1575,2025-03-01,44,70841.08,0.2347,31898.31
1576,2025-04-01,44,91709.22,0.1812,37372.21
1577,2025-05-01,44,101215.94,0.1651,41337.62
1578,2025-06-01,44,96356.0,0.2189,52664.43
1579,2025-07-01,44,58903.27,0.1711,34563.19
1580,2025-08-01,44,101505.44,0.1624,39861.51
1581,2025-09-01,44,89076.84,0.1873,53744.45
1582,2025-10-01,44,41583.31,0.2622,20081.86
1583,2025-11-01,44,98480.02,0.246,42452.5
1584,2025-12-01,44,85328.26,0.311,46064.48
1585,2023-01-01,45,52951.94,0.319,26142.91
1586,2023-02-01,45,121461.35,0.2231,58840.17
1587,2023-03-01,45,42934.56,0.2929,24117.43
1588,2023-04-01,45,110720.27,0.2639,65759.51
1589,2023-05-01,45,96396.31,0.2314,48875.35
1590,2023-06-01,45,62117.62,0.2123,31948.21
1591,2023-07-01,45,119256.83,0.3318,64566.66
1592,2023-08-01,45,108629.04,0.2818,49064.26
1593,2023-09-01,45,99136.9,0.1771,58131.39
1594,2023-10-01,45,62299.46,0.2472,25037.61
1595,2023-11-01,45,65589.31,0.1954,32609.23
1596,2023-12-01,45,91662.92,0.1812,51657.81
1597,2024-01-01,45,77135.93,0.2638,38349.62
1598,2024-02-01,45,112195.08,0.1724,48634.64
1599,2024-03-01,45,68820.48,0.2612,33381.33
1600,2024-04-01,45,87162.05,0.2563,50573.25
1601,2024-05-01,45,105576.12,0.3045,55236.3
1602,2024-06-01,45,119140.18,0.3375,62327.93
1603,2024-07-01,45,89383.68,0.1813,49516.3
1604,2024-08-01,45,57603.5,0.2721,25208.53
1605,2024-09-01,45,63186.19,0.3344,24976.59
1606,2024-10-01,45,94137.92,0.3023,42376.44
1607,2024-11-01,45,81840.32,0.2121,45666.5
1608,2024-12-01,45,85874.06,0.2536,41579.54
1609,2025-01-01,45,108595.8,0.1962,45368.73
1610,2025-02-01,45,90235.45,0.1931,50239.26
1611,2025-03-01,45,112197.84,0.2389,48789.45
1612,2025-04-01,45,83777.07,0.2035,47519.14
1613,2025-05-01,45,94037.74,0.2655,36288.43
1614,2025-06-01,45,54650.12,0.3361,27673.53
1615,2025-07-01,45,121331.11,0.1832,67952.07
1616,2025-08-01,45,107198.33,0.2433,65573.8
1617,2025-09-01,45,49963.7,0.3207,22727.85
1618,2025-10-01,45,79009.87,0.2133,47191.12
1619,2025-11-01,45,119473.08,0.2408,51961.64
1620,2025-12-01,45,55008.52,0.2599,32355.9
1621,2023-01-01,46,91353.55,0.3352,45531.39
1622,2023-02-01,46,89441.71,0.1974,49169.1
1623,2023-03-01,46,50440.17,0.3044,28131.94
1624,2023-04-01,46,109956.05,0.2436,50456.75
1625,2023-05-01,46,123908.16,0.1974,57018.83
1626,2023-06-01,46,66981.24,0.1798,35656.94
1627,2023-07-01,46,48782.67,0.3294,23813.96
1628,2023-08-01,46,84085.25,0.2931,38017.15
1629,2023-09-01,46,56137.36,0.2916,26319.19
1630,2023-10-01,46,83644.0,0.1859,34594.99
1631,2023-11-01,46,68114.83,0.242,29421.34
1632,2023-12-01,46,48791.32,0.3038,20594.58
1633,2024-01-01,46,82248.89,0.2074,31258.21
1634,2024-02-01,46,86809.39,0.3124,36727.81
1635,2024-03-01,46,51451.31,0.2871,27273.72
1636,2024-04-01,46,106787.12,0.1669,58385.97
1637,2024-05-01,46,53682.47,0.3049,31251.41
1638,2024-06-01,46,54237.71,0.2615,31933.94
1639,2024-07-01,46,71462.4,0.3231,42311.76
1640,2024-08-01,46,83679.16,0.233,39567.9
1641,2024-09-01,46,106301.71,0.1702,45271.53
1642,2024-10-01,46,99664.97,0.258,48383.89
1643,2024-11-01,46,89509.38,0.2315,48462.05
1644,2024-12-01,46,114518.68,0.1809,46570.07
1645,2025-01-01,46,45995.98,0.2911,19196.26
1646,2025-02-01,46,109133.19,0.2704,58406.13
1647,2025-03-01,46,54274.87,0.2632,22045.15
1648,2025-04-01,46,79628.51,0.2077,44807.53
1649,2025-05-01,46,67031.52,0.1881,31966.04
1650,2025-06-01,46,94719.86,0.1652,44545.32
1651,2025-07-01,46,49386.77,0.3352,29803.27
1652,2025-08-01,46,44476.59,0.1853,27514.66
1653,2025-09-01,46,94742.47,0.3061,45836.14
1654,2025-10-01,46,60603.38,0.3168,32999.01
1655,2025-11-01,46,44483.02,0.3145,26110.03
1656,2025-12-01,46,84963.96,0.2362,48192.49
1657,2023-01-01,47,100696.49,0.1636,53188.91
1658,2023-02-01,47,61998.81,0.1916,32316.42
1659,2023-03-01,47,131893.24,0.3117,55497.57
1660,2023-04-01,47,135847.64,0.2606,83137.26
1661,2023-05-01,47,85338.48,0.3348,34323.76
1662,2023-06-01,47,87004.07,0.3355,42017.95
1663,2023-07-01,47,104352.98,0.322,55335.04
1664,2023-08-01,47,89920.37,0.2228,40477.67
1665,2023-09-01,47,128086.29,0.2423,78352.7
1666,2023-10-01,47,88710.12,0.2259,49603.41
1667,2023-11-01,47,47705.44,0.3217,26412.24
1668,2023-12-01,47,120894.18,0.3276,46151.92
1669,2024-01-01,47,82091.84,0.1705,32866.49
1670,2024-02-01,47,121938.59,0.1619,74159.91
1671,2024-03-01,47,147319.22,0.2551,82761.0
1672,2024-04-01,47,87643.29,0.214,47787.69
1673,2024-05-01,47,71196.53,0.3236,39110.69
1674,2024-06-01,47,104893.62,0.3177,45507.71
1675,2024-07-01,47,84660.08,0.2165,44079.88
1676,2024-08-01,47,119997.22,0.2093,62222.59
1677,2024-09-01,47,63138.96,0.2037,27428.17
1678,2024-10-01,47,87478.51,0.278,51881.07
1679,2024-11-01,47,63587.39,0.3255,30901.12
1680,2024-12-01,47,106208.86,0.2697,62630.82
1681,2025-01-01,47,61869.22,0.2108,35607.42
1682,2025-02-01,47,90092.54,0.2434,54573.79
1683,2025-03-01,47,140549.06,0.2362,80237.33
1684,2025-04-01,47,73784.81,0.1812,33679.31
1685,2025-05-01,47,47692.04,0.3083,18389.67
1686,2025-06-01,47,73737.96,0.3049,42276.24
1687,2025-07-01,47,105058.51,0.3032,49906.95
1688,2025-08-01,47,141934.41,0.2075,80226.15
1689,2025-09-01,47,84831.11,0.284,44065.67
1690,2025-10-01,47,74395.92,0.2048,32446.49
1691,2025-11-01,47,134223.98,0.252,64346.49
1692,2025-12-01,47,59860.88,0.2038,30807.6
1693,2023-01-01,48,83595.69,0.3153,35899.33
1694,2023-02-01,48,125294.11,0.1805,61396.03
1695,2023-03-01,48,184197.19,0.3274,72985.0
1696,2023-04-01,48,71066.53,0.3238,30478.65
1697,2023-05-01,48,164651.02,0.1921,91392.6
1698,2023-06-01,48,188705.08,0.2967,92463.0
1699,2023-07-01,48,87635.65,0.2474,44417.34
1700,2023-08-01,48,156031.67,0.2027,73417.65
1701,2023-09-01,48,88955.0,0.2328,52914.18
1702,2023-10-01,48,167911.38,0.1937,92105.69
1703,2023-11-01,48,89620.64,0.3317,50564.85
1704,2023-12-01,48,104002.97,0.2687,50036.42
1705,2024-01-01,48,112630.8,0.1741,68778.63
1706,2024-02-01,48,172167.58,0.2719,78978.27
1707,2024-03-01,48,168666.57,0.315,88278.22
1708,2024-04-01,48,73241.78,0.3375,39734.63
1709,2024-05-01,48,151354.43,0.1686,88466.23
1710,2024-06-01,48,160823.1,0.3011,69464.39
1711,2024-07-01,48,88087.98,0.2375,37302.69
1712,2024-08-01,48,71487.85,0.2343,28854.04
1713,2024-09-01,48,86737.31,0.3383,36118.14
1714,2024-10-01,48,151392.12,0.1618,77811.69
1715,2024-11-01,48,111485.56,0.1756,48110.62
1716,2024-12-01,48,66380.06,0.1881,39309.94
1717,2025-01-01,48,185698.45,0.2624,83655.11
1718,2025-02-01,48,78620.8,0.1676,38296.73
1719,2025-03-01,48,124470.26,0.3303,47658.56
1720,2025-04-01,48,117951.74,0.1882,50751.24
1721,2025-05-01,48,124021.31,0.2292,52767.44
1722,2025-06-01,48,105068.43,0.2326,52840.78
1723,2025-07-01,48,112335.62,0.3158,57826.99
1724,2025-08-01,48,175527.35,0.3235,97445.6
1725,2025-09-01,48,63622.1,0.3035,32115.35
1726,2025-10-01,48,189346.41,0.2833,92922.39
1727,2025-11-01,48,84234.21,0.2174,51209.19
1728,2025-12-01,48,182540.17,0.2847,88101.97
1729,2023-01-01,49,118701.06,0.187,58253.75
1730,2023-02-01,49,41123.15,0.3081,22583.06
1731,2023-03-01,49,50049.02,0.1736,24904.05
1732,2023-04-01,49,87624.17,0.1665,54273.05
1733,2023-05-01,49,44563.95,0.1848,25543.1
1734,2023-06-01,49,69304.42,0.1974,36837.4
1735,2023-07-01,49,50953.41,0.1843,30849.5
1736,2023-08-01,49,71061.29,0.3038,31067.91
1737,2023-09-01,49,72535.41,0.3021,28977.5
1738,2023-10-01,49,117207.4,0.2873,46449.51
1739,2023-11-01,49,75755.1,0.2576,33587.51
1740,2023-12-01,49,75599.03,0.2453,41492.02
1741,2024-01-01,49,43372.63,0.3225,19767.29
1742,2024-02-01,49,117532.67,0.2289,63182.97
1743,2024-03-01,49,95342.48,0.3211,42501.24
1744,2024-04-01,49,74033.49,0.2885,32548.07
1745,2024-05-01,49,45718.52,0.2456,22167.19
1746,2024-06-01,49,49237.37,0.1943,23857.36
1747,2024-07-01,49,89486.87,0.2258,43386.79
1748,2024-08-01,49,40688.16,0.2354,25011.21
1749,2024-09-01,49,119073.27,0.2421,70778.46
1750,2024-10-01,49,65002.18,0.3223,39201.81
1751,2024-11-01,49,41507.73,0.334,24194.88
1752,2024-12-01,49,48156.34,0.2044,29367.56
1753,2025-01-01,49,56179.46,0.1984,22494.2
1754,2025-02-01,49,60016.99,0.2369,23857.8
1755,2025-03-01,49,43863.04,0.3093,18139.06
1756,2025-04-01,49,45257.13,0.2517,24437.83
1757,2025-05-01,49,42463.61,0.2271,25829.49
1758,2025-06-01,49,120448.2,0.2412,49688.7
1759,2025-07-01,49,103560.28,0.1605,56066.42
1760,2025-08-01,49,90414.46,0.249,47723.77
1761,2025-09-01,49,41914.01,0.2748,25489.07
1762,2025-10-01,49,76131.25,0.2622,33419.34
1763,2025-11-01,49,84259.03,0.2663,37736.07
1764,2025-12-01,49,68596.03,0.3077,40448.06
1765,2023-01-01,50,107717.83,0.3085,65310.37
1766,2023-02-01,50,94791.82,0.3364,58042.74
1767,2023-03-01,50,91921.98,0.2181,41967.93
1768,2023-04-01,50,129772.38,0.1984,74665.65
1769,2023-05-01,50,74789.65,0.1892,32553.92
1770,2023-06-01,50,119458.46,0.1771,66520.33
1771,2023-07-01,50,141794.86,0.2448,81327.55
1772,2023-08-01,50,111614.67,0.1798,61577.55
1773,2023-09-01,50,160358.29,0.2567,81291.27
1774,2023-10-01,50,67703.83,0.2422,41156.57
1775,2023-11-01,50,139313.7,0.2488,75518.21
1776,2023-12-01,50,87123.62,0.2212,43595.95
1777,2024-01-01,50,118980.19,0.1945,64436.12
1778,2024-02-01,50,154669.95,0.2635,70895.83
1779,2024-03-01,50,145806.25,0.3398,71469.98
1780,2024-04-01,50,174520.0,0.3043,71125.55
1781,2024-05-01,50,102710.22,0.2858,57003.96
1782,2024-06-01,50,103829.4,0.255,53328.32
1783,2024-07-01,50,174273.41,0.2081,93895.86
1784,2024-08-01,50,139617.1,0.2838,84015.86
1785,2024-09-01,50,138234.58,0.1851,56707.87
1786,2024-10-01,50,130915.5,0.2872,56641.78
1787,2024-11-01,50,152911.61,0.3129,58382.18
1788,2024-12-01,50,106488.8,0.2748,51165.25
1789,2025-01-01,50,158975.21,0.2861,60913.76
1790,2025-02-01,50,193301.49,0.1923,119366.26
1791,2025-03-01,50,151543.84,0.314,62072.78
1792,2025-04-01,50,127203.34,0.3339,52593.14
1793,2025-05-01,50,73544.21,0.299,42355.12
1794,2025-06-01,50,87702.31,0.2082,41808.16
1795,2025-07-01,50,111655.63,0.3153,66501.11
1796,2025-08-01,50,153995.86,0.2847,60993.0
1797,2025-09-01,50,157060.11,0.1943,80682.61
1798,2025-10-01,50,127068.24,0.1866,70050.57
1799,2025-11-01,50,165658.06,0.2221,93921.68
1800,2025-12-01,50,150377.73,0.2252,87446.04
1801,2023-01-01,51,42636.26,0.3395,22108.57
1802,2023-02-01,51,112801.67,0.1677,53983.55
1803,2023-03-01,51,54450.08,0.2657,22747.41
1804,2023-04-01,51,103002.76,0.1853,40822.42
1805,2023-05-01,51,47019.69,0.2607,18000.51
1806,2023-06-01,51,96183.38,0.2911,43662.24
1807,2023-07-01,51,60493.81,0.3145,26585.25
1808,2023-08-01,51,91708.43,0.2993,45706.93
1809,2023-09-01,51,73680.75,0.2393,44162.65
1810,2023-10-01,51,125522.84,0.1651,54777.06
1811,2023-11-01,51,110281.94,0.2228,47224.36
1812,2023-12-01,51,107178.48,0.3119,60703.71
1813,2024-01-01,51,47647.76,0.2523,26755.63
1814,2024-02-01,51,84637.88,0.2357,52238.07
1815,2024-03-01,51,75425.13,0.2214,31407.86
1816,2024-04-01,51,109591.23,0.1873,47588.73
1817,2024-05-01,51,46357.95,0.2984,20960.8
1818,2024-06-01,51,106187.66,0.2291,41725.07
1819,2024-07-01,51,79486.93,0.2698,31732.03
1820,2024-08-01,51,43117.92,0.1623,21624.51
1821,2024-09-01,51,117169.92,0.2742,56775.67
1822,2024-10-01,51,60240.73,0.2663,35260.73
1823,2024-11-01,51,50872.56,0.2173,30522.88
1824,2024-12-01,51,53688.44,0.2506,21416.51
1825,2025-01-01,51,92454.88,0.1998,48829.69
1826,2025-02-01,51,85154.56,0.2713,49364.06
1827,2025-03-01,51,114107.84,0.3115,68209.95
1828,2025-04-01,51,95984.7,0.2666,54520.92
1829,2025-05-01,51,51388.06,0.2667,27123.79
1830,2025-06-01,51,60632.56,0.2334,30216.52
1831,2025-07-01,51,126403.38,0.3389,72139.86
1832,2025-08-01,51,48025.57,0.3209,29616.65
1833,2025-09-01,51,113672.5,0.2843,65213.45
1834,2025-10-01,51,93016.04,0.2116,39617.11
1835,2025-11-01,51,73265.76,0.2046,41415.72
1836,2025-12-01,51,87795.41,0.2361,50367.2
1837,2023-01-01,52,158635.39,0.3219,86100.48
1838,2023-02-01,52,55229.55,0.3338,33529.16
1839,2023-03-01,52,76145.31,0.2202,32826.6
1840,2023-04-01,52,97874.92,0.2737,55038.07
1841,2023-05-01,52,107078.17,0.3163,47405.44
1842,2023-06-01,52,110558.56,0.2057,62065.24
1843,2023-07-01,52,57585.17,0.1762,28754.06
1844,2023-08-01,52,89238.75,0.2205,49575.61
1845,2023-09-01,52,144968.42,0.3197,69834.93
1846,2023-10-01,52,65067.66,0.3293,37398.55
1847,2023-11-01,52,60744.65,0.1674,28190.08
1848,2023-12-01,52,102153.09,0.2717,61227.2
1849,2024-01-01,52,86247.18,0.2746,38057.87
1850,2024-02-01,52,111555.84,0.2406,64835.05
1851,2024-03-01,52,110061.83,0.1746,55756.18
1852,2024-04-01,52,63067.44,0.2662,31840.55
1853,2024-05-01,52,103151.34,0.2532,52720.41
1854,2024-06-01,52,72061.36,0.3122,33350.45
1855,2024-07-01,52,158426.63,0.3095,89597.44
1856,2024-08-01,52,76606.92,0.318,31215.6
1857,2024-09-01,52,124252.96,0.3033,63146.33
1858,2024-10-01,52,132731.96,0.2443,68006.21
1859,2024-11-01,52,139160.01,0.1998,85221.82
1860,2024-12-01,52,90098.17,0.1721,47814.85
1861,2025-01-01,52,61393.56,0.2146,36380.12
1862,2025-02-01,52,154952.07,0.2311,60448.68
1863,2025-03-01,52,53685.38,0.2403,25414.41
1864,2025-04-01,52,74810.19,0.2874,28430.65
1865,2025-05-01,52,54839.12,0.1717,22702.08
1866,2025-06-01,52,156970.13,0.333,75415.31
1867,2025-07-01,52,158296.88,0.1714,80656.91
1868,2025-08-01,52,63122.5,0.2133,30948.57
1869,2025-09-01,52,155884.49,0.2178,77326.63
1870,2025-10-01,52,57968.45,0.3173,29820.08
1871,2025-11-01,52,120749.78,0.2719,70188.88
1872,2025-12-01,52,85337.29,0.1779,50787.37
1873,2023-01-01,53,128963.14,0.1748,51303.83
1874,2023-02-01,53,99760.21,0.2519,40904.79
1875,2023-03-01,53,72230.43,0.1879,40105.24
1876,2023-04-01,53,135604.59,0.2875,83004.73
1877,2023-05-01,53,158859.52,0.168,71776.12
1878,2023-06-01,53,175552.03,0.2356,86511.15
1879,2023-07-01,53,152364.55,0.2976,83577.34
1880,2023-08-01,53,129806.86,0.2713,67276.92
1881,2023-09-01,53,74233.6,0.2521,42911.02
1882,2023-10-01,53,125243.97,0.1698,51517.59
1883,2023-11-01,53,161442.98,0.2535,67514.09
1884,2023-12-01,53,81094.32,0.1655,37863.49
1885,2024-01-01,53,89907.28,0.3116,43525.5
1886,2024-02-01,53,106957.44,0.3363,59090.59
1887,2024-03-01,53,175495.12,0.1727,84156.23
1888,2024-04-01,53,186075.21,0.176,95912.65
1889,2024-05-01,53,142544.48,0.1971,76009.13
1890,2024-06-01,53,104057.02,0.3006,59699.26
1891,2024-07-01,53,154108.12,0.1686,76708.73
1892,2024-08-01,53,69794.28,0.31,41474.19
1893,2024-09-01,53,184488.89,0.217,102792.35
1894,2024-10-01,53,64383.03,0.1855,38704.35
1895,2024-11-01,53,132582.78,0.2871,66473.64
1896,2024-12-01,53,182552.08,0.2416,102652.7
1897,2025-01-01,53,173246.1,0.3326,70912.62
1898,2025-02-01,53,178492.04,0.3318,107906.27
1899,2025-03-01,53,109175.36,0.2297,62511.07
1900,2025-04-01,53,142708.95,0.2543,61411.85
1901,2025-05-01,53,135864.44,0.2731,52603.44
1902,2025-06-01,53,192239.52,0.2786,114905.95
1903,2025-07-01,53,66582.67,0.1769,35414.03
1904,2025-08-01,53,148948.85,0.2263,85009.72
1905,2025-09-01,53,66510.32,0.2599,33044.44
1906,2025-10-01,53,156968.86,0.277,72178.75
1907,2025-11-01,53,109101.13,0.2315,52813.56
1908,2025-12-01,53,103578.22,0.2854,48442.68
1909,2023-01-01,54,141177.96,0.3247,62509.35
1910,2023-02-01,54,91156.04,0.3115,35023.33
1911,2023-03-01,54,176361.31,0.2191,106751.02
1912,2023-04-01,54,129143.14,0.3243,61707.19
1913,2023-05-01,54,87618.36,0.2887,48543.53
1914,2023-06-01,54,173564.69,0.3303,86397.14
1915,2023-07-01,54,162609.26,0.3251,82133.75
1916,2023-08-01,54,171419.29,0.3208,83396.4
1917,2023-09-01,54,134514.34,0.335,79408.86
1918,2023-10-01,54,121110.94,0.2271,74973.18
1919,2023-11-01,54,108580.63,0.2257,59706.2
1920,2023-12-01,54,158688.92,0.2131,88528.19
1921,2024-01-01,54,136669.68,0.2948,69058.42
1922,2024-02-01,54,113307.82,0.1752,62500.22
1923,2024-03-01,54,90842.97,0.2096,49770.63
1924,2024-04-01,54,66732.86,0.2263,39868.38
1925,2024-05-01,54,100532.26,0.2261,43201.61
1926,2024-06-01,54,179010.41,0.2942,99829.16
1927,2024-07-01,54,84983.84,0.2306,44381.78
1928,2024-08-01,54,90380.17,0.212,50663.93
1929,2024-09-01,54,172746.2,0.3062,83844.74
1930,2024-10-01,54,129022.09,0.2875,58844.12
1931,2024-11-01,54,170069.25,0.1888,72845.7
1932,2024-12-01,54,125423.06,0.2081,73895.25
1933,2025-01-01,54,83206.53,0.1774,41724.16
1934,2025-02-01,54,89853.62,0.1807,46832.58
1935,2025-03-01,54,171928.18,0.2732,78781.05
1936,2025-04-01,54,64753.04,0.2569,37793.26
1937,2025-05-01,54,125358.48,0.2581,58797.82
1938,2025-06-01,54,65980.73,0.2663,29755.4
1939,2025-07-01,54,175293.33,0.2485,78166.2
1940,2025-08-01,54,78668.45,0.2562,32728.34
1941,2025-09-01,54,69618.34,0.2071,38187.22
1942,2025-10-01,54,77117.67,0.1974,33714.39
1943,2025-11-01,54,144604.97,0.1941,79494.39
1944,2025-12-01,54,134925.1,0.3123,74064.48
1945,2023-01-01,55,178075.01,0.2373,83131.24
1946,2023-02-01,55,162834.95,0.2642,69751.74
1947,2023-03-01,55,153648.01,0.2892,64939.55
1948,2023-04-01,55,211182.24,0.2744,84872.78
1949,2023-05-01,55,83456.76,0.1674,34130.8
1950,2023-06-01,55,89859.37,0.2488,50135.9
1951,2023-07-01,55,167377.66,0.1776,73513.64
1952,2023-08-01,55,131917.34,0.1671,79826.28
1953,2023-09-01,55,149899.62,0.2039,85024.1
1954,2023-10-01,55,194614.18,0.1788,115796.9
1955,2023-11-01,55,156524.87,0.2195,86394.95
1956,2023-12-01,55,148904.92,0.334,65164.85
1957,2024-01-01,55,79424.36,0.2887,42885.14
1958,2024-02-01,55,97877.0,0.2038,48368.78
1959,2024-03-01,55,187430.92,0.242,80629.82
1960,2024-04-01,55,99777.95,0.2815,54925.75
1961,2024-05-01,55,88665.04,0.3336,54126.79
1962,2024-06-01,55,106111.21,0.1762,56620.71
1963,2024-07-01,55,188880.62,0.2281,89663.78
1964,2024-08-01,55,102243.75,0.2396,49767.29
1965,2024-09-01,55,163964.93,0.2099,94425.4
1966,2024-10-01,55,148175.25,0.2223,90360.92
1967,2024-11-01,55,203641.75,0.1916,109334.44
1968,2024-12-01,55,173010.73,0.2671,79316.19
1969,2025-01-01,55,203280.87,0.1602,118961.05
1970,2025-02-01,55,212712.05,0.1813,91274.09
1971,2025-03-01,55,153109.2,0.2332,85363.74
1972,2025-04-01,55,196847.89,0.2288,99469.4
1973,2025-05-01,55,187307.63,0.271,80913.91
1974,2025-06-01,55,76367.07,0.3171,35564.78
1975,2025-07-01,55,97826.44,0.2251,48991.94
1976,2025-08-01,55,115930.84,0.2715,48191.16
1977,2025-09-01,55,137530.76,0.2438,57740.28
1978,2025-10-01,55,154281.2,0.2388,69388.63
1979,2025-11-01,55,158511.49,0.1853,66838.0
1980,2025-12-01,55,147164.53,0.2663,76370.01
1981,2023-01-01,56,39682.55,0.2098,18709.09
1982,2023-02-01,56,99258.05,0.2809,49635.3
1983,2023-03-01,56,105047.72,0.2668,50742.27
1984,2023-04-01,56,81355.23,0.1663,47029.9
1985,2023-05-01,56,84314.86,0.2842,47373.93
1986,2023-06-01,56,46388.71,0.2574,19028.47
1987,2023-07-01,56,39487.68,0.1954,20485.67
1988,2023-08-01,56,53853.3,0.1631,25365.04
1989,2023-09-01,56,55944.54,0.2523,34099.54
1990,2023-10-01,56,43296.37,0.2899,19512.6
1991,2023-11-01,56,59107.51,0.2507,31828.05
1992,2023-12-01,56,49160.27,0.2862,19533.88
1993,2024-01-01,56,87518.8,0.3266,43223.9
1994,2024-02-01,56,36296.86,0.2041,22362.85
1995,2024-03-01,56,77678.82,0.2183,35964.91
1996,2024-04-01,56,94966.36,0.2607,49138.57
1997,2024-05-01,56,85328.08,0.2936,47577.07
1998,2024-06-01,56,34568.11,0.2095,19787.76
1999,2024-07-01,56,97703.05,0.297,44196.71
2000,2024-08-01,56,64987.3,0.2621,28431.05
2001,2024-09-01,56,103987.12,0.2883,46785.29
2002,2024-10-01,56,50939.85,0.2378,26022.92
2003,2024-11-01,56,64703.42,0.2935,29881.9
2004,2024-12-01,56,91565.66,0.3128,35033.57
2005,2025-01-01,56,53253.91,0.3397,27560.75
2006,2025-02-01,56,55967.95,0.1804,26240.1
2007,2025-03-01,56,50671.95,0.229,25268.84
2008,2025-04-01,56,78163.5,0.2852,47247.05
2009,2025-05-01,56,56663.85,0.1979,31833.24
2010,2025-06-01,56,57939.41,0.2539,28449.65
2011,2025-07-01,56,79460.65,0.2119,43909.39
2012,2025-08-01,56,96491.23,0.1702,51242.8
2013,2025-09-01,56,86912.44,0.3317,38820.29
2014,2025-10-01,56,56415.17,0.1959,34885.93
2015,2025-11-01,56,63622.02,0.3335,28780.25
2016,2025-12-01,56,85593.0,0.2101,36965.47
2017,2023-01-01,57,55388.5,0.2811,31267.06
2018,2023-02-01,57,106928.48,0.3346,41260.99
2019,2023-03-01,57,40215.33,0.3379,16303.07
2020,2023-04-01,57,44041.38,0.1715,23386.81
2021,2023-05-01,57,106143.97,0.1694,47257.55
2022,2023-06-01,57,85599.39,0.3082,34851.11
2023,2023-07-01,57,97483.87,0.1734,44337.41
2024,2023-08-01,57,73705.96,0.2866,33043.2
2025,2023-09-01,57,44562.71,0.3175,18405.29
2026,2023-10-01,57,97526.69,0.3273,41263.01
2027,2023-11-01,57,43177.2,0.2199,19388.35
2028,2023-12-01,57,92988.81,0.3125,56642.6
2029,2024-01-01,57,55889.54,0.294,21800.31
2030,2024-02-01,57,100825.33,0.2153,56436.18
2031,2024-03-01,57,37476.12,0.3094,14439.24
2032,2024-04-01,57,85691.53,0.2607,42046.71
2033,2024-05-01,57,96387.77,0.2338,56984.17
2034,2024-06-01,57,36673.24,0.1854,17644.69
2035,2024-07-01,57,96623.64,0.1682,37027.25
2036,2024-08-01,57,71952.94,0.2218,36121.8
2037,2024-09-01,57,59621.65,0.2375,23211.44
2038,2024-10-01,57,83899.69,0.2575,35390.68
2039,2024-11-01,57,77841.8,0.1871,43392.3
2040,2024-12-01,57,52884.22,0.1618,32197.64
2041,2025-01-01,57,100775.35,0.2071,61631.53
2042,2025-02-01,57,107961.03,0.1718,46471.26
2043,2025-03-01,57,87952.07,0.1953,50078.56
2044,2025-04-01,57,108195.31,0.2667,54381.07
2045,2025-05-01,57,96401.37,0.2678,39754.93
2046,2025-06-01,57,78947.92,0.2906,35363.05
2047,2025-07-01,57,93123.09,0.1808,41306.42
2048,2025-08-01,57,76367.76,0.2801,31223.64
2049,2025-09-01,57,66159.7,0.1889,39676.8
2050,2025-10-01,57,51791.4,0.2809,27163.82
2051,2025-11-01,57,62927.12,0.2426,30443.27
2052,2025-12-01,57,82069.56,0.203,50841.47
2053,2023-01-01,58,100750.64,0.3011,47732.06
2054,2023-02-01,58,113009.84,0.2852,44109.29
2055,2023-03-01,58,163768.72,0.2099,79897.74
2056,2023-04-01,58,98269.77,0.1752,51443.51
2057,2023-05-01,58,121663.2,0.1885,50894.45
2058,2023-06-01,58,94951.03,0.2242,38892.24
2059,2023-07-01,58,117635.71,0.2124,59486.6
2060,2023-08-01,58,109035.74,0.2936,53651.69
2061,2023-09-01,58,104462.42,0.2452,52819.82
2062,2023-10-01,58,119730.3,0.2066,54554.78
2063,2023-11-01,58,66317.4,0.2155,29824.14
2064,2023-12-01,58,85858.93,0.3379,49818.35
2065,2024-01-01,58,109525.99,0.2665,58393.66
2066,2024-02-01,58,153905.58,0.1959,85091.94
2067,2024-03-01,58,98577.41,0.2839,57503.56
2068,2024-04-01,58,82337.92,0.3226,41794.69
2069,2024-05-01,58,169420.54,0.2175,68570.64
2070,2024-06-01,58,94375.74,0.254,57238.24
2071,2024-07-01,58,84153.54,0.2964,41081.6
2072,2024-08-01,58,185293.32,0.2135,91989.31
2073,2024-09-01,58,76545.2,0.1861,30917.28
2074,2024-10-01,58,178076.41,0.1814,75467.33
2075,2024-11-01,58,155336.79,0.3373,64619.64
2076,2024-12-01,58,131936.13,0.3366,78661.66
2077,2025-01-01,58,171198.76,0.1959,98374.12
2078,2025-02-01,58,164077.5,0.321,100406.95
2079,2025-03-01,58,169388.17,0.2253,95815.73
2080,2025-04-01,58,126440.36,0.298,61700.96
2081,2025-05-01,58,166497.77,0.2245,81580.63
2082,2025-06-01,58,141153.02,0.19,83983.81
2083,2025-07-01,58,63364.74,0.321,34455.64
2084,2025-08-01,58,105242.02,0.253,59573.33
2085,2025-09-01,58,172738.61,0.2361,99745.23
2086,2025-10-01,58,70081.11,0.2539,31330.01
2087,2025-11-01,58,75964.56,0.2038,33269.63
2088,2025-12-01,58,67022.24,0.1871,28311.37
2089,2023-01-01,59,188468.68,0.3335,94265.61
2090,2023-02-01,59,97658.53,0.1914,43965.92
2091,2023-03-01,59,174090.86,0.2225,104675.21
2092,2023-04-01,59,152647.94,0.3344,86437.52
2093,2023-05-01,59,188615.92,0.2189,95448.67
2094,2023-06-01,59,78628.45,0.227,31767.17
2095,2023-07-01,59,102981.13,0.2752,42626.66
2096,2023-08-01,59,86236.14,0.2999,38650.66
2097,2023-09-01,59,97151.15,0.3004,42300.19
2098,2023-10-01,59,157799.48,0.2628,68706.14
2099,2023-11-01,59,105411.14,0.213,44552.34
2100,2023-12-01,59,183204.89,0.1662,111115.32
2101,2024-01-01,59,95883.77,0.2592,37717.15
2102,2024-02-01,59,75142.48,0.2144,44710.81
2103,2024-03-01,59,157215.27,0.257,93413.5
2104,2024-04-01,59,76025.74,0.3207,29860.88
2105,2024-05-01,59,91418.35,0.1934,42049.43
2106,2024-06-01,59,72003.85,0.2773,34777.94
2107,2024-07-01,59,87297.0,0.2544,41100.91
2108,2024-08-01,59,189524.34,0.2672,114955.67
2109,2024-09-01,59,195453.54,0.1642,120201.66
2110,2024-10-01,59,118989.02,0.2386,59568.88
2111,2024-11-01,59,191725.12,0.1812,97960.64
2112,2024-12-01,59,177259.6,0.2599,96110.8
2113,2025-01-01,59,182907.35,0.2727,104949.51
2114,2025-02-01,59,96484.88,0.2816,59188.05
2115,2025-03-01,59,96370.65,0.1655,57158.32
2116,2025-04-01,59,122501.76,0.2749,62001.94
2117,2025-05-01,59,105528.69,0.1964,61222.12
2118,2025-06-01,59,148265.33,0.3241,68093.84
2119,2025-07-01,59,99669.72,0.2807,52830.93
2120,2025-08-01,59,89126.62,0.1982,42107.53
2121,2025-09-01,59,89741.67,0.279,53497.23
2122,2025-10-01,59,106648.78,0.33,63747.89
2123,2025-11-01,59,163286.69,0.2359,63748.01
2124,2025-12-01,59,103048.56,0.2051,62008.59
2125,2023-01-01,60,170654.86,0.1884,94265.87
2126,2023-02-01,60,180751.39,0.2297,88239.47
2127,2023-03-01,60,190904.62,0.2707,116032.94
2128,2023-04-01,60,119668.39,0.175,69029.63
2129,2023-05-01,60,73896.5,0.2458,32695.57
2130,2023-06-01,60,104789.93,0.2576,43112.84
2131,2023-07-01,60,172797.16,0.2432,68270.35
2132,2023-08-01,60,72286.56,0.236,36350.47
2133,2023-09-01,60,126317.26,0.2031,61584.35
2134,2023-10-01,60,102541.4,0.1845,62660.84
2135,2023-11-01,60,84063.67,0.1798,34799.68
2136,2023-12-01,60,182736.58,0.3144,106824.69
2137,2024-01-01,60,87004.14,0.2828,52761.54
2138,2024-02-01,60,157061.95,0.3169,87002.89
2139,2024-03-01,60,146395.47,0.1762,79506.39
2140,2024-04-01,60,114807.94,0.286,59795.78
2141,2024-05-01,60,192535.55,0.3041,117900.18
2142,2024-06-01,60,137472.77,0.1997,69565.31
2143,2024-07-01,60,202682.09,0.1722,79172.85
2144,2024-08-01,60,111477.52,0.2176,67145.25
2145,2024-09-01,60,78552.79,0.2399,34306.63
2146,2024-10-01,60,180749.32,0.3038,81090.22
2147,2024-11-01,60,119973.2,0.3243,52697.77
2148,2024-12-01,60,97361.55,0.3308,48328.65
2149,2025-01-01,60,97065.74,0.3049,46698.24
2150,2025-02-01,60,200376.06,0.3214,100885.82
2151,2025-03-01,60,193059.56,0.3085,118341.85
2152,2025-04-01,60,174069.51,0.189,99236.16
2153,2025-05-01,60,94507.11,0.1696,41779.06
2154,2025-06-01,60,120935.07,0.2401,72060.82
2155,2025-07-01,60,145645.83,0.1966,83431.76
2156,2025-08-01,60,71126.17,0.2672,36769.05
2157,2025-09-01,60,168182.84,0.2951,76045.9
2158,2025-10-01,60,178708.12,0.2248,109322.14
2159,2025-11-01,60,105587.36,0.1803,41080.29
2160,2025-12-01,60,67786.5,0.2406,26132.88
